timeline_id,timeline_type,stablecoin,date_start,date_end,label,event_family,source_url,plot_priority,rule_version
USDC_ASSURANCE_2022_01,disclosure_or_ad_hoc_event,USDC,2022-02-25,2022-02-25,scheduled_monthly_assurance,scheduled_monthly_assurance,see_historical_report_register_v1,P0,RQI_DII_v1.0
USDC_ASSURANCE_2022_02,disclosure_or_ad_hoc_event,USDC,2022-03-31,2022-03-31,scheduled_monthly_assurance,scheduled_monthly_assurance,see_historical_report_register_v1,P0,RQI_DII_v1.0
USDC_ASSURANCE_2022_03,disclosure_or_ad_hoc_event,USDC,2022-04-29,2022-04-29,scheduled_monthly_assurance,scheduled_monthly_assurance,see_historical_report_register_v1,P0,RQI_DII_v1.0
CRYPTO_TERRA_2022,stress_window,ALL,2022-05-07,2022-05-20,TerraUSD UST depeg and collapse,crypto_native_stress,https://www.coindesk.com/business/2022/05/08/ust-briefly-loses-peg-luna-drops-10,P0,RQI_DII_v1.0
USDC_ASSURANCE_2022_04,disclosure_or_ad_hoc_event,USDC,2022-05-23,2022-05-23,scheduled_monthly_assurance,scheduled_monthly_assurance,see_historical_report_register_v1,P0,RQI_DII_v1.0
USDC_ASSURANCE_2022_06,disclosure_or_ad_hoc_event,USDC,2022-07-28,2022-07-28,scheduled_monthly_assurance,scheduled_monthly_assurance,see_historical_report_register_v1,P0,RQI_DII_v1.0
USDT_ASSURANCE_PROVIDER_CHANGE_2022_08_18,disclosure_or_ad_hoc_event,USDT,2022-08-18,2022-08-18,ad_hoc_disclosure_process_change,ad_hoc_disclosure_process_change,https://tether.io/news/tether-announces-alignment-with-top-five-accounting-firm-and-confirms-attestations-will-now-be-completed-by-bdo-italia/,P0,RQI_DII_v1.0
USDC_ASSURANCE_2022_07,disclosure_or_ad_hoc_event,USDC,2022-08-24,2022-08-24,scheduled_monthly_assurance,scheduled_monthly_assurance,see_historical_report_register_v1,P0,RQI_DII_v1.0
USDC_ASSURANCE_2022_08,disclosure_or_ad_hoc_event,USDC,2022-09-23,2022-09-23,scheduled_monthly_assurance,scheduled_monthly_assurance,see_historical_report_register_v1,P0,RQI_DII_v1.0
USDC_ASSURANCE_2022_09,disclosure_or_ad_hoc_event,USDC,2022-10-25,2022-10-25,scheduled_monthly_assurance,scheduled_monthly_assurance,see_historical_report_register_v1,P0,RQI_DII_v1.0
CRYPTO_FTX_2022,stress_window,ALL,2022-11-06,2022-11-20,FTX liquidity crisis and bankruptcy,crypto_native_stress,https://www.cnbc.com/2022/11/11/sam-bankman-frieds-cryptocurrency-exchange-ftx-files-for-bankruptcy.html,P0,RQI_DII_v1.0
USDC_ASSURANCE_2022_10,disclosure_or_ad_hoc_event,USDC,2022-11-22,2022-11-22,scheduled_monthly_assurance,scheduled_monthly_assurance,see_historical_report_register_v1,P0,RQI_DII_v1.0
USDC_ASSURANCE_2022_11,disclosure_or_ad_hoc_event,USDC,2022-12-22,2022-12-22,scheduled_monthly_assurance,scheduled_monthly_assurance,see_historical_report_register_v1,P0,RQI_DII_v1.0
USDC_ASSURANCE_2022_12,disclosure_or_ad_hoc_event,USDC,2023-01-25,2023-01-25,scheduled_monthly_assurance,scheduled_monthly_assurance,see_historical_report_register_v1,P0,RQI_DII_v1.0
BUSD_PAXOS_WINDDOWN_ANNOUNCEMENT_2023_02_13,disclosure_or_ad_hoc_event,BUSD,2023-02-13,2023-02-13,ad_hoc_issuer_event,ad_hoc_issuer_event,https://www.paxos.com/newsroom/paxos-will-halt-minting-new-busd-tokens,P0,RQI_DII_v1.0
BUSD_REGULATORY_ORDER_NYDFS_2023_02_13,disclosure_or_ad_hoc_event,BUSD,2023-02-13,2023-02-13,ad_hoc_regulatory_event,ad_hoc_regulatory_event,https://www.dfs.ny.gov/consumers/alerts/Paxos_and_Binance,P0,RQI_DII_v1.0
BUSD_PAXOS_2023,stress_window,BUSD;USDP;PYUSD,2023-02-13,2023-03-31,Paxos ordered to cease minting Paxos-issued BUSD,regulatory_issuer_stress,https://www.dfs.ny.gov/consumers/alerts/Paxos_and_Binance,P0,RQI_DII_v1.0
USDC_ASSURANCE_2023_01,disclosure_or_ad_hoc_event,USDC,2023-03-02,2023-03-02,scheduled_monthly_assurance,scheduled_monthly_assurance,see_historical_report_register_v1,P0,RQI_DII_v1.0
BANKING_SVB_SIGNATURE_2023,stress_window,ALL,2023-03-10,2023-03-20,Silicon Valley Bank closure and U.S. regional bank stress,banking_stress,https://www.fdic.gov/news/press-releases/2023/pr23016.html,P0,RQI_DII_v1.0
USDC_ASSURANCE_2023_02,disclosure_or_ad_hoc_event,USDC,2023-03-30,2023-03-30,scheduled_monthly_assurance,scheduled_monthly_assurance,see_historical_report_register_v1,P0,RQI_DII_v1.0
USDC_ASSURANCE_2023_03,disclosure_or_ad_hoc_event,USDC,2023-04-28,2023-04-28,scheduled_monthly_assurance,scheduled_monthly_assurance,see_historical_report_register_v1,P0,RQI_DII_v1.0
USDC_ASSURANCE_2023_04,disclosure_or_ad_hoc_event,USDC,2023-05-30,2023-05-30,scheduled_monthly_assurance,scheduled_monthly_assurance,see_historical_report_register_v1,P0,RQI_DII_v1.0
USDC_ASSURANCE_2023_05,disclosure_or_ad_hoc_event,USDC,2023-06-30,2023-06-30,scheduled_monthly_assurance,scheduled_monthly_assurance,see_historical_report_register_v1,P0,RQI_DII_v1.0
USDC_ASSURANCE_2023_06,disclosure_or_ad_hoc_event,USDC,2023-07-28,2023-07-28,scheduled_monthly_assurance,scheduled_monthly_assurance,see_historical_report_register_v1,P0,RQI_DII_v1.0
USDC_ASSURANCE_2023_07,disclosure_or_ad_hoc_event,USDC,2023-08-30,2023-08-30,scheduled_monthly_assurance,scheduled_monthly_assurance,see_historical_report_register_v1,P0,RQI_DII_v1.0
USDC_ASSURANCE_2023_08,disclosure_or_ad_hoc_event,USDC,2023-09-29,2023-09-29,scheduled_monthly_assurance,scheduled_monthly_assurance,see_historical_report_register_v1,P0,RQI_DII_v1.0
USDC_ASSURANCE_2023_09,disclosure_or_ad_hoc_event,USDC,2023-10-30,2023-10-30,scheduled_monthly_assurance,scheduled_monthly_assurance,see_historical_report_register_v1,P0,RQI_DII_v1.0
USDC_ASSURANCE_2023_11,disclosure_or_ad_hoc_event,USDC,2023-12-22,2023-12-22,scheduled_monthly_assurance,scheduled_monthly_assurance,see_historical_report_register_v1,P0,RQI_DII_v1.0
USDC_ASSURANCE_2024_01,disclosure_or_ad_hoc_event,USDC,2024-02-29,2024-02-29,scheduled_monthly_assurance,scheduled_monthly_assurance,see_historical_report_register_v1,P0,RQI_DII_v1.0
USDT_ASSURANCE_REPORT_Q1_2024_2024_04_30,disclosure_or_ad_hoc_event,USDT,2024-04-30,2024-04-30,scheduled_assurance_or_reporting,scheduled_assurance_or_reporting,https://assets.ctfassets.net/vyse88cgwfbl/2JwUN6EeDvWi02CyuQd2nJ/d7b3b4c3800ec70abd7282cc79fa2973/ISAE_3000R_-_Opinion_on_Consolidated_Financials_Figures_and_Reserves_Report_31.03.2024_RC134792024BD0043.pdf,P0,RQI_DII_v1.0
USDT_NEWS_RELEASE_Q1_2024_2024_05_01,disclosure_or_ad_hoc_event,USDT,2024-05-01,2024-05-01,scheduled_attestation_news_release,scheduled_attestation_news_release,https://tether.io/news/tether-releases-q1-2024-attestation-reports-record-breaking-4-52-billion-profit-highest-treasury-bill-ownership-percentage-ever-total-group-equity-of-11-37-billion/,P0,RQI_DII_v1.0
USDP_MONTHLY_HOLDINGS_REPORT_JUNE_2024_2024_07_01,disclosure_or_ad_hoc_event,USDP,2024-07-01,2024-07-01,scheduled_monthly_holdings,scheduled_monthly_holdings,https://paxos.com/wp-content/uploads/2024/07/USDP-Monthly-Stablecoin-Reporting-June-2024-USDP-Disclosure.pdf,P1,RQI_DII_v1.0
USDC_ASSURANCE_2024_07,disclosure_or_ad_hoc_event,USDC,2024-08-27,2024-08-27,scheduled_monthly_assurance,scheduled_monthly_assurance,see_historical_report_register_v1,P0,RQI_DII_v1.0
USDC_ASSURANCE_2024_11,disclosure_or_ad_hoc_event,USDC,2024-12-20,2024-12-20,scheduled_monthly_assurance,scheduled_monthly_assurance,see_historical_report_register_v1,P0,RQI_DII_v1.0
