model_id,model_label,outcome,term,coef,hac_se_lag7,t_stat,p_value,n,r2,adj_r2,interpretation_unit,rule_version,rule_status,provisional_flag,provisional_reason
M1_absdev_dii,Abs peg deviation on DII and controls,abs_peg_dev_bps,Intercept,164.79408694940088,43.73456533875344,3.768051326747174,0.00017386005032005158,1037,0.0549508562954506,0.049445715652511435,,RQI_DII_v1.0,frozen_confirmed_by_researcher,1,single_issuer_pilot_pending_multi_issuer_and_market_qc
M1_absdev_dii,Abs peg deviation on DII and controls,abs_peg_dev_bps,dii_10pp,-2.0343335671400595,1.1322248503742844,-1.7967575667214521,0.07266701175189572,1037,0.0549508562954506,0.049445715652511435,coefficient per 10 percentage point increase in index,RQI_DII_v1.0,frozen_confirmed_by_researcher,1,single_issuer_pilot_pending_multi_issuer_and_market_qc
M1_absdev_dii,Abs peg deviation on DII and controls,abs_peg_dev_bps,days_since_disclosure_30d,-0.7397724893937235,0.5026696071647205,-1.4716873247347664,0.14141078851015165,1037,0.0549508562954506,0.049445715652511435,coefficient per 30 days since latest disclosure,RQI_DII_v1.0,frozen_confirmed_by_researcher,1,single_issuer_pilot_pending_multi_issuer_and_market_qc
M1_absdev_dii,Abs peg deviation on DII and controls,abs_peg_dev_bps,stale_disclosure_45d,0.5114937612529253,1.3244873284635932,0.3861824498134374,0.6994413064408866,1037,0.0549508562954506,0.049445715652511435,coefficient for indicator changing from 0 to 1,RQI_DII_v1.0,frozen_confirmed_by_researcher,1,single_issuer_pilot_pending_multi_issuer_and_market_qc
M1_absdev_dii,Abs peg deviation on DII and controls,abs_peg_dev_bps,market_stress_flag,17.22512768414154,12.13104131539439,1.4199216074124414,0.15593309698319002,1037,0.0549508562954506,0.049445715652511435,coefficient for indicator changing from 0 to 1,RQI_DII_v1.0,frozen_confirmed_by_researcher,1,single_issuer_pilot_pending_multi_issuer_and_market_qc
M1_absdev_dii,Abs peg deviation on DII and controls,abs_peg_dev_bps,log_supply,-5.977078994395209,1.6747614911627677,-3.5689135592945784,0.0003749845343423708,1037,0.0549508562954506,0.049445715652511435,coefficient per one log point of circulating face supply,RQI_DII_v1.0,frozen_confirmed_by_researcher,1,single_issuer_pilot_pending_multi_issuer_and_market_qc
M1_absdev_dii,Abs peg deviation on DII and controls,abs_peg_dev_bps,trend_years,1.7774637106037587,0.878599629068222,2.0230644901236823,0.043324424085509294,1037,0.0549508562954506,0.049445715652511435,coefficient per calendar year,RQI_DII_v1.0,frozen_confirmed_by_researcher,1,single_issuer_pilot_pending_multi_issuer_and_market_qc
M2_absdev_rqi_dii,"Abs peg deviation on RQI, DII, and controls",abs_peg_dev_bps,Intercept,558.7349914377478,167.22322859615645,3.3412522657787633,0.0008718371753748677,826,0.09325720152289829,0.08549778882199399,,RQI_DII_v1.0,frozen_confirmed_by_researcher,1,single_issuer_pilot_pending_multi_issuer_and_market_qc
M2_absdev_rqi_dii,"Abs peg deviation on RQI, DII, and controls",abs_peg_dev_bps,rqi_10pp,-22.77940136799131,9.449286453980962,-2.4107006892985448,0.016141493192135314,826,0.09325720152289829,0.08549778882199399,coefficient per 10 percentage point increase in index,RQI_DII_v1.0,frozen_confirmed_by_researcher,1,single_issuer_pilot_pending_multi_issuer_and_market_qc
M2_absdev_rqi_dii,"Abs peg deviation on RQI, DII, and controls",abs_peg_dev_bps,dii_10pp,2.5393435670474735,0.8828033772910923,2.876454295903945,0.004126265159417386,826,0.09325720152289829,0.08549778882199399,coefficient per 10 percentage point increase in index,RQI_DII_v1.0,frozen_confirmed_by_researcher,1,single_issuer_pilot_pending_multi_issuer_and_market_qc
M2_absdev_rqi_dii,"Abs peg deviation on RQI, DII, and controls",abs_peg_dev_bps,days_since_disclosure_30d,-0.7263885747596345,0.4933714128844127,-1.472295629195308,0.1413256959155007,826,0.09325720152289829,0.08549778882199399,coefficient per 30 days since latest disclosure,RQI_DII_v1.0,frozen_confirmed_by_researcher,1,single_issuer_pilot_pending_multi_issuer_and_market_qc
M2_absdev_rqi_dii,"Abs peg deviation on RQI, DII, and controls",abs_peg_dev_bps,stale_disclosure_45d,0.3989773317825844,1.4824739080018765,0.269129412415992,0.7878979643459434,826,0.09325720152289829,0.08549778882199399,coefficient for indicator changing from 0 to 1,RQI_DII_v1.0,frozen_confirmed_by_researcher,1,single_issuer_pilot_pending_multi_issuer_and_market_qc
M2_absdev_rqi_dii,"Abs peg deviation on RQI, DII, and controls",abs_peg_dev_bps,market_stress_flag,26.959805275554228,16.778315129725385,1.606824348399009,0.1084788188647452,826,0.09325720152289829,0.08549778882199399,coefficient for indicator changing from 0 to 1,RQI_DII_v1.0,frozen_confirmed_by_researcher,1,single_issuer_pilot_pending_multi_issuer_and_market_qc
M2_absdev_rqi_dii,"Abs peg deviation on RQI, DII, and controls",abs_peg_dev_bps,log_supply,-15.237723078942523,3.6258179178966055,-4.202561580307421,2.9296942330114817e-05,826,0.09325720152289829,0.08549778882199399,coefficient per one log point of circulating face supply,RQI_DII_v1.0,frozen_confirmed_by_researcher,1,single_issuer_pilot_pending_multi_issuer_and_market_qc
M2_absdev_rqi_dii,"Abs peg deviation on RQI, DII, and controls",abs_peg_dev_bps,trend_years,4.46929637050309,1.1029485462371842,4.052134966540849,5.5590086627699264e-05,826,0.09325720152289829,0.08549778882199399,coefficient per calendar year,RQI_DII_v1.0,frozen_confirmed_by_researcher,1,single_issuer_pilot_pending_multi_issuer_and_market_qc
M3_tail50_rqi_dii_lpm,50bp tail depeg linear probability pilot,tail_depeg_50bp_pct,Intercept,326.00004331279945,202.32054200445697,1.6113047151960374,0.10749908150201692,826,0.025423021216999908,0.017083120420568476,,RQI_DII_v1.0,frozen_confirmed_by_researcher,1,single_issuer_pilot_pending_multi_issuer_and_market_qc
M3_tail50_rqi_dii_lpm,50bp tail depeg linear probability pilot,tail_depeg_50bp_pct,rqi_10pp,-19.31819309605524,11.389755114287379,-1.6961025853683527,0.09024694507894315,826,0.025423021216999908,0.017083120420568476,coefficient per 10 percentage point increase in index,RQI_DII_v1.0,frozen_confirmed_by_researcher,1,single_issuer_pilot_pending_multi_issuer_and_market_qc
M3_tail50_rqi_dii_lpm,50bp tail depeg linear probability pilot,tail_depeg_50bp_pct,dii_10pp,0.8486905714596704,0.5358352407048542,1.583864790869814,0.11361100349324715,826,0.025423021216999908,0.017083120420568476,coefficient per 10 percentage point increase in index,RQI_DII_v1.0,frozen_confirmed_by_researcher,1,single_issuer_pilot_pending_multi_issuer_and_market_qc
M3_tail50_rqi_dii_lpm,50bp tail depeg linear probability pilot,tail_depeg_50bp_pct,days_since_disclosure_30d,-0.02273523219853313,0.27731971697507257,-0.08198202582392196,0.9346810619123491,826,0.025423021216999908,0.017083120420568476,coefficient per 30 days since latest disclosure,RQI_DII_v1.0,frozen_confirmed_by_researcher,1,single_issuer_pilot_pending_multi_issuer_and_market_qc
M3_tail50_rqi_dii_lpm,50bp tail depeg linear probability pilot,tail_depeg_50bp_pct,stale_disclosure_45d,-0.08145484491023318,0.8209473295489778,-0.09922054920987909,0.9209874690824724,826,0.025423021216999908,0.017083120420568476,coefficient for indicator changing from 0 to 1,RQI_DII_v1.0,frozen_confirmed_by_researcher,1,single_issuer_pilot_pending_multi_issuer_and_market_qc
M3_tail50_rqi_dii_lpm,50bp tail depeg linear probability pilot,tail_depeg_50bp_pct,market_stress_flag,6.9553941496614575,6.401782668607673,1.0864777062439999,0.2775877529701338,826,0.025423021216999908,0.017083120420568476,coefficient for indicator changing from 0 to 1,RQI_DII_v1.0,frozen_confirmed_by_researcher,1,single_issuer_pilot_pending_multi_issuer_and_market_qc
M3_tail50_rqi_dii_lpm,50bp tail depeg linear probability pilot,tail_depeg_50bp_pct,log_supply,-6.380049957759031,4.1804352090441155,-1.526168840975261,0.1273543596984381,826,0.025423021216999908,0.017083120420568476,coefficient per one log point of circulating face supply,RQI_DII_v1.0,frozen_confirmed_by_researcher,1,single_issuer_pilot_pending_multi_issuer_and_market_qc
M3_tail50_rqi_dii_lpm,50bp tail depeg linear probability pilot,tail_depeg_50bp_pct,trend_years,1.5430702382914578,0.7279759879032845,2.1196718901894096,0.034334321436122694,826,0.025423021216999908,0.017083120420568476,coefficient per calendar year,RQI_DII_v1.0,frozen_confirmed_by_researcher,1,single_issuer_pilot_pending_multi_issuer_and_market_qc
M4_downside50_rqi_dii_lpm,50bp downside depeg linear probability pilot,downside_depeg_50bp_pct,Intercept,180.75172951591995,157.85509982293837,1.145048400201603,0.25252401579344497,826,0.05546257299525481,0.04737973437785481,,RQI_DII_v1.0,frozen_confirmed_by_researcher,1,single_issuer_pilot_pending_multi_issuer_and_market_qc
M4_downside50_rqi_dii_lpm,50bp downside depeg linear probability pilot,downside_depeg_50bp_pct,rqi_10pp,-10.358372666635947,8.785422070479349,-1.1790409821563388,0.2387246813594921,826,0.05546257299525481,0.04737973437785481,coefficient per 10 percentage point increase in index,RQI_DII_v1.0,frozen_confirmed_by_researcher,1,single_issuer_pilot_pending_multi_issuer_and_market_qc
M4_downside50_rqi_dii_lpm,50bp downside depeg linear probability pilot,downside_depeg_50bp_pct,dii_10pp,0.20656106934504556,0.23336200266370444,0.8851529682950081,0.3763342475417222,826,0.05546257299525481,0.04737973437785481,coefficient per 10 percentage point increase in index,RQI_DII_v1.0,frozen_confirmed_by_researcher,1,single_issuer_pilot_pending_multi_issuer_and_market_qc
M4_downside50_rqi_dii_lpm,50bp downside depeg linear probability pilot,downside_depeg_50bp_pct,days_since_disclosure_30d,-0.008802683740139788,0.14068156231545376,-0.0625716945082065,0.9501228554303116,826,0.05546257299525481,0.04737973437785481,coefficient per 30 days since latest disclosure,RQI_DII_v1.0,frozen_confirmed_by_researcher,1,single_issuer_pilot_pending_multi_issuer_and_market_qc
M4_downside50_rqi_dii_lpm,50bp downside depeg linear probability pilot,downside_depeg_50bp_pct,stale_disclosure_45d,0.019926959687556103,0.15970578375351996,0.12477293695455728,0.9007339686173903,826,0.05546257299525481,0.04737973437785481,coefficient for indicator changing from 0 to 1,RQI_DII_v1.0,frozen_confirmed_by_researcher,1,single_issuer_pilot_pending_multi_issuer_and_market_qc
M4_downside50_rqi_dii_lpm,50bp downside depeg linear probability pilot,downside_depeg_50bp_pct,market_stress_flag,7.672130912015924,6.3607575250324135,1.2061662281296957,0.22810214125963757,826,0.05546257299525481,0.04737973437785481,coefficient for indicator changing from 0 to 1,RQI_DII_v1.0,frozen_confirmed_by_researcher,1,single_issuer_pilot_pending_multi_issuer_and_market_qc
M4_downside50_rqi_dii_lpm,50bp downside depeg linear probability pilot,downside_depeg_50bp_pct,log_supply,-3.5952078008686916,3.24914866348601,-1.106507634221758,0.26883215813629047,826,0.05546257299525481,0.04737973437785481,coefficient per one log point of circulating face supply,RQI_DII_v1.0,frozen_confirmed_by_researcher,1,single_issuer_pilot_pending_multi_issuer_and_market_qc
M4_downside50_rqi_dii_lpm,50bp downside depeg linear probability pilot,downside_depeg_50bp_pct,trend_years,0.8449967260397802,0.569467287398178,1.483837166311098,0.1382373229249232,826,0.05546257299525481,0.04737973437785481,coefficient per calendar year,RQI_DII_v1.0,frozen_confirmed_by_researcher,1,single_issuer_pilot_pending_multi_issuer_and_market_qc
M5_absdev_stress_interaction,Abs peg deviation with stress interactions,abs_peg_dev_bps,Intercept,385.03425934262765,147.89532520811045,2.6034241366373676,0.009397434276591454,826,0.1940773365980445,0.18518848369287577,,RQI_DII_v1.0,frozen_confirmed_by_researcher,1,single_issuer_pilot_pending_multi_issuer_and_market_qc
M5_absdev_stress_interaction,Abs peg deviation with stress interactions,abs_peg_dev_bps,rqi_10pp,-13.198689594822948,8.19648178647806,-1.6102871864605561,0.1077219150277704,826,0.1940773365980445,0.18518848369287577,coefficient per 10 percentage point increase in index,RQI_DII_v1.0,frozen_confirmed_by_researcher,1,single_issuer_pilot_pending_multi_issuer_and_market_qc
M5_absdev_stress_interaction,Abs peg deviation with stress interactions,abs_peg_dev_bps,dii_10pp,2.3843107614076073,0.8792086466641843,2.7118827487126613,0.006830976426193125,826,0.1940773365980445,0.18518848369287577,coefficient per 10 percentage point increase in index,RQI_DII_v1.0,frozen_confirmed_by_researcher,1,single_issuer_pilot_pending_multi_issuer_and_market_qc
M5_absdev_stress_interaction,Abs peg deviation with stress interactions,abs_peg_dev_bps,market_stress_flag,-587.4081798171896,201.8205359435671,-2.9105471208412617,0.003706147600875953,826,0.1940773365980445,0.18518848369287577,coefficient for indicator changing from 0 to 1,RQI_DII_v1.0,frozen_confirmed_by_researcher,1,single_issuer_pilot_pending_multi_issuer_and_market_qc
M5_absdev_stress_interaction,Abs peg deviation with stress interactions,abs_peg_dev_bps,stress_x_rqi_10pp,4564.694872368214,1568.283384324653,2.910631406283693,0.003705158522042007,826,0.1940773365980445,0.18518848369287577,coefficient per 10 percentage point increase in index,RQI_DII_v1.0,frozen_confirmed_by_researcher,1,single_issuer_pilot_pending_multi_issuer_and_market_qc
M5_absdev_stress_interaction,Abs peg deviation with stress interactions,abs_peg_dev_bps,stress_x_dii_10pp,-4934.228712131096,1695.2925019140775,-2.9105471218448042,0.003706147589098041,826,0.1940773365980445,0.18518848369287577,coefficient per 10 percentage point increase in index,RQI_DII_v1.0,frozen_confirmed_by_researcher,1,single_issuer_pilot_pending_multi_issuer_and_market_qc
M5_absdev_stress_interaction,Abs peg deviation with stress interactions,abs_peg_dev_bps,days_since_disclosure_30d,-0.4946624878073837,0.4253076725553297,-1.1630697486254058,0.24514120815195883,826,0.1940773365980445,0.18518848369287577,coefficient per 30 days since latest disclosure,RQI_DII_v1.0,frozen_confirmed_by_researcher,1,single_issuer_pilot_pending_multi_issuer_and_market_qc
M5_absdev_stress_interaction,Abs peg deviation with stress interactions,abs_peg_dev_bps,stale_disclosure_45d,0.12580344916329828,1.437927045819468,0.08748945193641829,0.930303934279133,826,0.1940773365980445,0.18518848369287577,coefficient for indicator changing from 0 to 1,RQI_DII_v1.0,frozen_confirmed_by_researcher,1,single_issuer_pilot_pending_multi_issuer_and_market_qc
M5_absdev_stress_interaction,Abs peg deviation with stress interactions,abs_peg_dev_bps,log_supply,-11.620259935585244,3.306478760495614,-3.5143912232006786,0.0004650320689161269,826,0.1940773365980445,0.18518848369287577,coefficient per one log point of circulating face supply,RQI_DII_v1.0,frozen_confirmed_by_researcher,1,single_issuer_pilot_pending_multi_issuer_and_market_qc
M5_absdev_stress_interaction,Abs peg deviation with stress interactions,abs_peg_dev_bps,trend_years,3.1713651749308767,0.7948573954598603,3.989854272030898,7.205871209015058e-05,826,0.1940773365980445,0.18518848369287577,coefficient per calendar year,RQI_DII_v1.0,frozen_confirmed_by_researcher,1,single_issuer_pilot_pending_multi_issuer_and_market_qc
M6_absdev_high_confidence,"Abs peg deviation, manual-review-free disclosure rows",abs_peg_dev_bps,Intercept,-42.65164218215821,75.08074560217064,-0.568076966205902,0.5706752830687656,190,0.19298552064431795,0.17105577935747873,,RQI_DII_v1.0,frozen_confirmed_by_researcher,1,single_issuer_pilot_pending_multi_issuer_and_market_qc
M6_absdev_high_confidence,"Abs peg deviation, manual-review-free disclosure rows",abs_peg_dev_bps,rqi_10pp,-0.6900620972077891,1.8851165487416985,-0.3660580549613235,0.7147422855926169,190,0.19298552064431795,0.17105577935747873,coefficient per 10 percentage point increase in index,RQI_DII_v1.0,frozen_confirmed_by_researcher,1,single_issuer_pilot_pending_multi_issuer_and_market_qc
M6_absdev_high_confidence,"Abs peg deviation, manual-review-free disclosure rows",abs_peg_dev_bps,days_since_disclosure_30d,-0.45885770145929355,0.1995293585478431,-2.2997001784540334,0.02258784133616909,190,0.19298552064431795,0.17105577935747873,coefficient per 30 days since latest disclosure,RQI_DII_v1.0,frozen_confirmed_by_researcher,1,single_issuer_pilot_pending_multi_issuer_and_market_qc
M6_absdev_high_confidence,"Abs peg deviation, manual-review-free disclosure rows",abs_peg_dev_bps,market_stress_flag,2.3816356014215314,0.9311397814821677,2.557763773802572,0.011340640047226458,190,0.19298552064431795,0.17105577935747873,coefficient for indicator changing from 0 to 1,RQI_DII_v1.0,frozen_confirmed_by_researcher,1,single_issuer_pilot_pending_multi_issuer_and_market_qc
M6_absdev_high_confidence,"Abs peg deviation, manual-review-free disclosure rows",abs_peg_dev_bps,log_supply,1.9769283394411614,2.4814470783903233,0.7966836595699492,0.42666153148837527,190,0.19298552064431795,0.17105577935747873,coefficient per one log point of circulating face supply,RQI_DII_v1.0,frozen_confirmed_by_researcher,1,single_issuer_pilot_pending_multi_issuer_and_market_qc
M6_absdev_high_confidence,"Abs peg deviation, manual-review-free disclosure rows",abs_peg_dev_bps,trend_years,1.4725765012722731,1.2291846533253385,1.198010809269772,0.23245369610169586,190,0.19298552064431795,0.17105577935747873,coefficient per calendar year,RQI_DII_v1.0,frozen_confirmed_by_researcher,1,single_issuer_pilot_pending_multi_issuer_and_market_qc
