"relative_path","bytes","extension","publish_status"
".github/workflows/replication.yml","587",".yml","included_public_upload"
".gitignore","283",".gitignore","included_public_upload"
"00_admin/HUMAN_INTERVENTION_PROTOCOL.md","3609",".md","included_public_upload"
"00_admin/RESEARCH_WORKFLOW.md","3972",".md","included_public_upload"
"00_admin/rqi_dii_rules_v1_config.json","2499",".json","included_public_upload"
"01_raw_sources/README_RAW_SOURCES_NOT_INCLUDED.md","391",".md","included_public_upload"
"02_manual_coding/analytic_event_episode_overrides_p1j_v1.csv","983",".csv","included_public_upload"
"02_manual_coding/coding_disputes_v1.md","3099",".md","included_public_upload"
"02_manual_coding/event_classification_review_queue_v1.md","2480",".md","included_public_upload"
"02_manual_coding/event_classification_table_v1.csv","7514",".csv","included_public_upload"
"02_manual_coding/expert_panel_consensus_T009_T014_v1.md","6848",".md","included_public_upload"
"02_manual_coding/expert_panel_review_protocol_v1.md","2945",".md","included_public_upload"
"02_manual_coding/historical_report_register_v1.csv","18421",".csv","included_public_upload"
"02_manual_coding/human_decision_approval_record_20260522.md","879",".md","included_public_upload"
"02_manual_coding/human_decision_options_v1.csv","6397",".csv","included_public_upload"
"02_manual_coding/human_decision_selection_form_v1.md","2456",".md","included_public_upload"
"02_manual_coding/issuer_report_index_v1.csv","5967",".csv","included_public_upload"
"02_manual_coding/multi_issuer_disclosure_event_index_v1.csv","35938",".csv","included_public_upload"
"02_manual_coding/multi_issuer_event_coding_protocol_v1.md","1309",".md","included_public_upload"
"02_manual_coding/rqi_dii_pilot_coding_v1.csv","18902",".csv","included_public_upload"
"02_manual_coding/RQI_DII_rules_v1_decision_packet.md","4792",".md","included_public_upload"
"02_manual_coding/RQI_DII_rules_v1_freeze.md","3323",".md","included_public_upload"
"02_manual_coding/stress_regime_calendar_v1.csv","1458",".csv","included_public_upload"
"03_market_data/price_supply_panel_raw_v1.csv","1709029",".csv","included_public_upload"
"03_market_data/stablecoin_market_metadata_v1.csv","1485",".csv","included_public_upload"
"04_processed_data/minimum_viable_panel_v1.csv","498750",".csv","included_public_upload"
"05_analysis/baseline_results_v1/baseline_model_coefficients_v1.csv","17364",".csv","included_public_upload"
"05_analysis/baseline_results_v1/baseline_model_predictions_v1.csv","553052",".csv","included_public_upload"
"05_analysis/baseline_results_v1/baseline_model_summary_v1.csv","2390",".csv","included_public_upload"
"05_analysis/baseline_results_v1/baseline_sample_diagnostics_v1.csv","941",".csv","included_public_upload"
"05_analysis/build_event_study_p1b.py","23410",".py","included_public_upload"
"05_analysis/build_multi_issuer_event_window_p1i.py","39273",".py","included_public_upload"
"05_analysis/event_study_results_v1/event_level_effects_v1.csv","13772",".csv","included_public_upload"
"05_analysis/event_study_results_v1/event_study_summary_v1.csv","3162",".csv","included_public_upload"
"05_analysis/event_study_results_v1/event_time_average_v1.csv","4228",".csv","included_public_upload"
"05_analysis/event_study_results_v1/event_window_panel_v1.csv","193773",".csv","included_public_upload"
"05_analysis/extract_usdc_pilot.py","18374",".py","included_public_upload"
"05_analysis/multi_issuer_event_window_results_v1/multi_issuer_comparison_matrix_v1.csv","2782",".csv","included_public_upload"
"05_analysis/multi_issuer_event_window_results_v1/multi_issuer_event_level_effects_v1.csv","39081",".csv","included_public_upload"
"05_analysis/multi_issuer_event_window_results_v1/multi_issuer_event_summary_v1.csv","10367",".csv","included_public_upload"
"05_analysis/multi_issuer_event_window_results_v1/multi_issuer_event_time_average_v1.csv","12121",".csv","included_public_upload"
"05_analysis/multi_issuer_event_window_results_v1/multi_issuer_event_units_v1.csv","14082",".csv","included_public_upload"
"05_analysis/multi_issuer_event_window_results_v1/multi_issuer_event_window_panel_v1.csv","277494",".csv","included_public_upload"
"05_analysis/multi_issuer_event_window_results_v1/p1j_pre_post_comparison_matrix_v1.csv","1790",".csv","included_public_upload"
"05_analysis/multi_issuer_event_window_results_v1/p1j_pre_post_summary_comparison_v1.csv","2452",".csv","included_public_upload"
"05_analysis/robustness_results_v1/baseline_robustness_coefficients_v1.csv","201545",".csv","included_public_upload"
"05_analysis/robustness_results_v1/baseline_robustness_summary_v1.csv","24436",".csv","included_public_upload"
"05_analysis/robustness_results_v1/event_window_robustness_effects_v1.csv","20689",".csv","included_public_upload"
"05_analysis/robustness_results_v1/event_window_robustness_summary_v1.csv","5264",".csv","included_public_upload"
"05_analysis/robustness_results_v1/market_abnormal_price_flags_v1.csv","43144",".csv","included_public_upload"
"05_analysis/robustness_results_v1/market_abnormal_price_summary_v1.csv","929",".csv","included_public_upload"
"05_analysis/robustness_results_v1/robustness_design_v1.md","2067",".md","included_public_upload"
"05_analysis/robustness_results_v1/rqi_weight_sensitivity_v1.csv","7851",".csv","included_public_upload"
"05_analysis/robustness_results_v1/stress_calendar_sensitivity_v1.csv","12264",".csv","included_public_upload"
"05_analysis/run_pilot_baseline_p1a.py","19875",".py","included_public_upload"
"05_analysis/run_robustness_p1e.py","35245",".py","included_public_upload"
"06_outputs/event_timeline_figure_data_v1.csv","7207",".csv","included_public_upload"
"06_outputs/figure_data_p2d_v1/figure1_event_timeline_p2d_v1.csv","7835",".csv","included_public_upload"
"06_outputs/figure_data_p2d_v1/figure2_event_time_paths_p2d_v1.csv","4405",".csv","included_public_upload"
"06_outputs/figure_data_p2d_v1/figure3_group_delta_summary_p2d_v1.csv","1113",".csv","included_public_upload"
"06_outputs/figure_data_p2d_v1/figure4_source_verification_decision_burden_p2d_v1.csv","237",".csv","included_public_upload"
"06_outputs/figures_p2d_v1/figure1_event_timeline_p2d_v1.png","194143",".png","included_public_upload"
"06_outputs/figures_p2d_v1/figure2_event_time_paths_absdev_p2d_v1.png","128822",".png","included_public_upload"
"06_outputs/figures_p2d_v1/figure3_group_delta_summary_p2d_v1.png","81118",".png","included_public_upload"
"06_outputs/figures_p2d_v1/figure4_source_verification_decision_burden_p2d_v1.png","62513",".png","included_public_upload"
"06_outputs/variable_dictionary_v1.csv","28088",".csv","included_public_upload"
"CITATION.cff","411",".cff","included_public_upload"
"CLAIM_BOUNDARY.md","677",".md","included_public_upload"
"CONTRIBUTING.md","718",".md","included_public_upload"
"DATA_LICENSE.md","401",".md","included_public_upload"
"DATA_PROVENANCE.md","1404",".md","included_public_upload"
"data_source_registry.csv","4523",".csv","included_public_upload"
"docs/readme/README.fr.md","1544",".md","included_public_upload"
"docs/readme/README.ja.md","1536",".md","included_public_upload"
"docs/readme/README.ru.md","2200",".md","included_public_upload"
"docs/readme/README.zh-CN.md","1297",".md","included_public_upload"
"event_classification_template.csv","1237",".csv","included_public_upload"
"HUMAN_REVIEW_TRACE.md","529",".md","included_public_upload"
"LICENSE","1067","LICENSE","included_public_upload"
"PUBLIC_RELEASE_MANIFEST.csv","8063",".csv","included_public_upload"
"README.md","4571",".md","included_public_upload"
"REPRODUCIBILITY.md","853",".md","included_public_upload"
"requirements.txt","73",".txt","included_public_upload"
"scripts/check_public_release.py","2716",".py","included_public_upload"
"scripts/check_readme_integrity.py","2730",".py","included_public_upload"
"scripts/run_public_replication.py","2705",".py","included_public_upload"
"variable_codebook_template.csv","5051",".csv","included_public_upload"
