issuer_scope,event_class,relative_day,n_event_units,n_rows,mean_abs_peg_dev_bps,median_abs_peg_dev_bps,mean_peer_adjusted_abs_peg_dev_bps,mean_peg_dev_bps,tail50_rate,market_stress_share,manual_review_event_share,rule_version,rule_status
USDC,scheduled,-14,24,24,7.0992996250000004,0.90395,-2.621230325,4.620123125,0.0,0.125,0.75,RQI_DII_v1.0,frozen_confirmed_by_researcher
USDC,scheduled,-13,24,24,4.653841541666666,0.86555,-6.7580735333333335,-0.3508074583333333,0.0,0.125,0.75,RQI_DII_v1.0,frozen_confirmed_by_researcher
USDC,scheduled,-12,24,24,4.491689375,1.2778844999999999,-16.616115566666668,-0.07050879166666675,0.0,0.125,0.75,RQI_DII_v1.0,frozen_confirmed_by_researcher
USDC,scheduled,-11,24,24,5.062724916666666,1.3217615,-12.378868966666667,0.9806396666666667,0.0,0.125,0.75,RQI_DII_v1.0,frozen_confirmed_by_researcher
USDC,scheduled,-10,24,24,5.945698916666667,0.98,-7.187366533333335,1.6258260833333333,0.0,0.125,0.75,RQI_DII_v1.0,frozen_confirmed_by_researcher
USDC,scheduled,-9,24,24,7.5462331250000005,2.6522499999999996,-8.491488766666668,1.9066782916666665,0.041666666666666664,0.08333333333333333,0.75,RQI_DII_v1.0,frozen_confirmed_by_researcher
USDC,scheduled,-8,24,24,3.722273833333334,1.0937999999999999,-8.652406466666667,-0.7103738333333335,0.0,0.08333333333333333,0.75,RQI_DII_v1.0,frozen_confirmed_by_researcher
USDC,scheduled,-7,24,24,6.279630083333334,2.6083,-5.211789741666666,-1.1928967500000003,0.0,0.08333333333333333,0.75,RQI_DII_v1.0,frozen_confirmed_by_researcher
USDC,scheduled,-6,24,24,4.775699,2.539482,-7.430914850000001,1.8291416666666667,0.0,0.08333333333333333,0.75,RQI_DII_v1.0,frozen_confirmed_by_researcher
USDC,scheduled,-5,24,24,7.077574583333333,2.859,-5.460175166666667,4.604157666666667,0.041666666666666664,0.08333333333333333,0.75,RQI_DII_v1.0,frozen_confirmed_by_researcher
USDC,scheduled,-4,24,24,7.1584233333333325,3.96465,-3.7937761249999995,4.3432605833333335,0.041666666666666664,0.08333333333333333,0.75,RQI_DII_v1.0,frozen_confirmed_by_researcher
USDC,scheduled,-3,24,24,5.2366486666666665,4.496,-5.854580741666666,0.7015975833333336,0.0,0.08333333333333333,0.75,RQI_DII_v1.0,frozen_confirmed_by_researcher
USDC,scheduled,-2,24,24,4.352487,1.30575,-8.457910316666668,-1.3347869999999997,0.0,0.041666666666666664,0.75,RQI_DII_v1.0,frozen_confirmed_by_researcher
USDC,scheduled,-1,24,24,5.8633482500000005,1.08,-8.905357566666666,-1.3752430833333331,0.041666666666666664,0.0,0.75,RQI_DII_v1.0,frozen_confirmed_by_researcher
USDC,scheduled,0,24,24,8.940671458333332,4.0847500000000005,-0.7948762500000001,3.458196125,0.041666666666666664,0.0,0.75,RQI_DII_v1.0,frozen_confirmed_by_researcher
USDC,scheduled,1,24,24,7.674849291666667,1.1835,-0.5664082750000002,4.262165291666666,0.041666666666666664,0.0,0.75,RQI_DII_v1.0,frozen_confirmed_by_researcher
USDC,scheduled,2,24,24,7.195987708333333,2.494,-1.510693941666667,3.259581125,0.041666666666666664,0.0,0.75,RQI_DII_v1.0,frozen_confirmed_by_researcher
USDC,scheduled,3,24,24,6.924572291666666,1.05605,-1.4943445999999998,2.172222375,0.0,0.0,0.75,RQI_DII_v1.0,frozen_confirmed_by_researcher
USDC,scheduled,4,24,24,4.520312208333333,2.0658000000000003,-3.433760849999999,-0.6686914583333333,0.0,0.0,0.75,RQI_DII_v1.0,frozen_confirmed_by_researcher
USDC,scheduled,5,24,24,4.796093916666667,1.35255,-4.658816591666667,-0.9655526666666666,0.0,0.0,0.75,RQI_DII_v1.0,frozen_confirmed_by_researcher
USDC,scheduled,6,24,24,5.191952958333333,1.4255,-5.808106083333333,0.21250537500000002,0.0,0.0,0.75,RQI_DII_v1.0,frozen_confirmed_by_researcher
USDC,scheduled,7,24,24,5.096753916666667,2.165,-1.4863046416666663,-0.9190285,0.0,0.0,0.75,RQI_DII_v1.0,frozen_confirmed_by_researcher
USDC,scheduled,8,24,24,4.716172375,0.8350000000000001,-2.5919575333333333,-1.6768377916666664,0.0,0.08333333333333333,0.75,RQI_DII_v1.0,frozen_confirmed_by_researcher
USDC,scheduled,9,24,24,6.217866166666667,3.9907999999999997,-2.4319836999999995,-2.3714350833333335,0.0,0.08333333333333333,0.75,RQI_DII_v1.0,frozen_confirmed_by_researcher
USDC,scheduled,10,24,24,20.857345916666663,2.39655,10.078640074999997,-16.823225499999996,0.041666666666666664,0.08333333333333333,0.75,RQI_DII_v1.0,frozen_confirmed_by_researcher
USDC,scheduled,11,24,24,8.900115333333334,2.1799999999999997,-0.6676205416666668,-4.596298666666667,0.041666666666666664,0.08333333333333333,0.75,RQI_DII_v1.0,frozen_confirmed_by_researcher
USDC,scheduled,12,23,23,4.641298695652174,0.8502,-5.7205454260869555,-1.1258329565217393,0.0,0.13043478260869565,0.7391304347826086,RQI_DII_v1.0,frozen_confirmed_by_researcher
USDC,scheduled,13,23,23,5.329561434782608,1.61,-2.9520501999999995,-4.271004913043479,0.0,0.13043478260869565,0.7391304347826086,RQI_DII_v1.0,frozen_confirmed_by_researcher
USDC,scheduled,14,23,23,4.716446695652174,1.0,-6.711549913043478,2.1998988695652173,0.0,0.13043478260869565,0.7391304347826086,RQI_DII_v1.0,frozen_confirmed_by_researcher
non_USDC,ad_hoc,-14,2,2,1.6246,1.6246,-1.8446700000000003,1.6246,0.0,0.0,0.0,RQI_DII_v1.0,frozen_confirmed_by_researcher
non_USDC,ad_hoc,-13,2,2,2.0428499999999996,2.0428499999999996,-1.0120400000000003,2.03855,0.0,0.0,0.0,RQI_DII_v1.0,frozen_confirmed_by_researcher
non_USDC,ad_hoc,-12,2,2,1.5572,1.5572,-0.8022099999999999,1.5572,0.0,0.0,0.0,RQI_DII_v1.0,frozen_confirmed_by_researcher
non_USDC,ad_hoc,-11,2,2,2.3321,2.3321,0.79871,2.3321,0.0,0.0,0.0,RQI_DII_v1.0,frozen_confirmed_by_researcher
non_USDC,ad_hoc,-10,2,2,0.7461,0.7461,-2.7401600000000004,0.5408,0.0,0.0,0.0,RQI_DII_v1.0,frozen_confirmed_by_researcher
non_USDC,ad_hoc,-9,2,2,1.4701,1.4701,0.09912999999999994,1.4701,0.0,0.0,0.0,RQI_DII_v1.0,frozen_confirmed_by_researcher
non_USDC,ad_hoc,-8,2,2,1.10815,1.10815,-1.5757900000000002,1.10815,0.0,0.0,0.0,RQI_DII_v1.0,frozen_confirmed_by_researcher
non_USDC,ad_hoc,-7,2,2,1.87085,1.87085,0.54794,0.77935,0.0,0.0,0.0,RQI_DII_v1.0,frozen_confirmed_by_researcher
non_USDC,ad_hoc,-6,2,2,2.53195,2.53195,0.59907,2.53195,0.0,0.0,0.0,RQI_DII_v1.0,frozen_confirmed_by_researcher
non_USDC,ad_hoc,-5,2,2,2.62325,2.62325,-1.0345199999999997,2.43615,0.0,0.0,0.0,RQI_DII_v1.0,frozen_confirmed_by_researcher
non_USDC,ad_hoc,-4,2,2,2.25595,2.25595,0.85418,1.71605,0.0,0.0,0.0,RQI_DII_v1.0,frozen_confirmed_by_researcher
non_USDC,ad_hoc,-3,2,2,1.85025,1.85025,0.20303000000000004,1.10575,0.0,0.0,0.0,RQI_DII_v1.0,frozen_confirmed_by_researcher
non_USDC,ad_hoc,-2,2,2,1.8623499999999997,1.8623499999999997,-2.005180000000001,1.8623499999999997,0.0,0.0,0.0,RQI_DII_v1.0,frozen_confirmed_by_researcher
non_USDC,ad_hoc,-1,2,2,1.6973,1.6973,-0.4902099999999998,1.6973,0.0,0.0,0.0,RQI_DII_v1.0,frozen_confirmed_by_researcher
non_USDC,ad_hoc,0,2,2,0.85575,0.85575,-1.5709999999999997,0.25095,0.0,0.5,0.0,RQI_DII_v1.0,frozen_confirmed_by_researcher
non_USDC,ad_hoc,1,2,2,1.4922,1.4922,-2.614860000000001,-0.4929999999999999,0.0,0.5,0.0,RQI_DII_v1.0,frozen_confirmed_by_researcher
non_USDC,ad_hoc,2,2,2,1.5058000000000002,1.5058000000000002,-2.28138,-0.8266000000000001,0.0,0.5,0.0,RQI_DII_v1.0,frozen_confirmed_by_researcher
non_USDC,ad_hoc,3,2,2,1.7727,1.7727,-2.7057999999999995,-0.20709999999999995,0.0,0.5,0.0,RQI_DII_v1.0,frozen_confirmed_by_researcher
non_USDC,ad_hoc,4,2,2,0.60845,0.60845,-3.273719999999999,-0.19365000000000002,0.0,0.5,0.0,RQI_DII_v1.0,frozen_confirmed_by_researcher
non_USDC,ad_hoc,5,2,2,0.4627,0.4627,-0.8283600000000001,-0.3627,0.0,0.5,0.0,RQI_DII_v1.0,frozen_confirmed_by_researcher
non_USDC,ad_hoc,6,2,2,0.38900000000000007,0.38900000000000007,-1.5943799999999997,-0.38900000000000007,0.0,0.5,0.0,RQI_DII_v1.0,frozen_confirmed_by_researcher
non_USDC,ad_hoc,7,2,2,0.7420500000000001,0.7420500000000001,-0.7748499999999999,0.39205000000000007,0.0,0.5,0.0,RQI_DII_v1.0,frozen_confirmed_by_researcher
non_USDC,ad_hoc,8,2,2,0.0,0.0,-1.24126,0.0,0.0,0.5,0.0,RQI_DII_v1.0,frozen_confirmed_by_researcher
non_USDC,ad_hoc,9,2,2,0.4369,0.4369,-1.95461,0.4369,0.0,0.5,0.0,RQI_DII_v1.0,frozen_confirmed_by_researcher
non_USDC,ad_hoc,10,2,2,1.2838500000000002,1.2838500000000002,-2.95051,0.28385000000000005,0.0,0.5,0.0,RQI_DII_v1.0,frozen_confirmed_by_researcher
non_USDC,ad_hoc,11,2,2,0.3608,0.3608,-2.7215700000000003,0.3608,0.0,0.5,0.0,RQI_DII_v1.0,frozen_confirmed_by_researcher
non_USDC,ad_hoc,12,2,2,0.3967,0.3967,-1.2585400000000002,-0.3967,0.0,0.5,0.0,RQI_DII_v1.0,frozen_confirmed_by_researcher
non_USDC,ad_hoc,13,2,2,0.3142,0.3142,-3.2486400000000004,0.2634,0.0,0.5,0.0,RQI_DII_v1.0,frozen_confirmed_by_researcher
non_USDC,ad_hoc,14,2,2,0.47074999999999995,0.47074999999999995,-1.16621,-0.17004999999999998,0.0,0.5,0.0,RQI_DII_v1.0,frozen_confirmed_by_researcher
non_USDC,scheduled,-14,2,2,6.0600000000000005,6.0600000000000005,-13.341999999999999,3.94,0.0,0.0,0.5,RQI_DII_v1.0,frozen_confirmed_by_researcher
non_USDC,scheduled,-13,2,2,7.545,7.545,-8.943999999999999,2.455,0.0,0.0,0.5,RQI_DII_v1.0,frozen_confirmed_by_researcher
non_USDC,scheduled,-12,2,2,5.88,5.88,-35.336,4.12,0.0,0.0,0.5,RQI_DII_v1.0,frozen_confirmed_by_researcher
non_USDC,scheduled,-11,2,2,0.0,0.0,-65.697,0.0,0.0,0.0,0.5,RQI_DII_v1.0,frozen_confirmed_by_researcher
non_USDC,scheduled,-10,2,2,0.0,0.0,-75.4,0.0,0.0,0.0,0.5,RQI_DII_v1.0,frozen_confirmed_by_researcher
non_USDC,scheduled,-9,2,2,2.815,2.815,-42.865,-2.815,0.0,0.0,0.5,RQI_DII_v1.0,frozen_confirmed_by_researcher
non_USDC,scheduled,-8,2,2,0.725,0.725,-77.05799999999999,-0.725,0.0,0.0,0.5,RQI_DII_v1.0,frozen_confirmed_by_researcher
non_USDC,scheduled,-7,2,2,7.67,7.67,-11.369,-7.67,0.0,0.0,0.5,RQI_DII_v1.0,frozen_confirmed_by_researcher
non_USDC,scheduled,-6,2,2,0.58,0.58,-12.062000000000001,-0.58,0.0,0.0,0.5,RQI_DII_v1.0,frozen_confirmed_by_researcher
non_USDC,scheduled,-5,2,2,1.385,1.385,-13.075000000000003,-1.385,0.0,0.0,0.5,RQI_DII_v1.0,frozen_confirmed_by_researcher
non_USDC,scheduled,-4,2,2,6.045,6.045,-13.956999999999999,-6.045,0.0,0.0,0.5,RQI_DII_v1.0,frozen_confirmed_by_researcher
non_USDC,scheduled,-3,2,2,4.64,4.64,-8.066,-4.64,0.0,0.0,0.5,RQI_DII_v1.0,frozen_confirmed_by_researcher
non_USDC,scheduled,-2,2,2,5.135000000000001,5.135000000000001,-6.743,-5.135000000000001,0.0,0.0,0.5,RQI_DII_v1.0,frozen_confirmed_by_researcher
non_USDC,scheduled,-1,2,2,3.955,3.955,-7.927,-3.955,0.0,0.0,0.5,RQI_DII_v1.0,frozen_confirmed_by_researcher
non_USDC,scheduled,0,2,2,16.165,16.165,5.7090000000000005,13.835,0.0,0.0,0.5,RQI_DII_v1.0,frozen_confirmed_by_researcher
non_USDC,scheduled,1,2,2,16.38,16.38,-1.665,3.62,0.0,0.0,0.5,RQI_DII_v1.0,frozen_confirmed_by_researcher
non_USDC,scheduled,2,2,2,6.115,6.115,-8.617999999999999,3.885,0.0,0.0,0.5,RQI_DII_v1.0,frozen_confirmed_by_researcher
non_USDC,scheduled,3,2,2,15.0,15.0,-14.534000000000002,15.0,0.0,0.0,0.5,RQI_DII_v1.0,frozen_confirmed_by_researcher
non_USDC,scheduled,4,2,2,10.0,10.0,-12.355999999999998,10.0,0.0,0.0,0.5,RQI_DII_v1.0,frozen_confirmed_by_researcher
non_USDC,scheduled,5,2,2,10.0,10.0,-7.285,10.0,0.0,0.0,0.5,RQI_DII_v1.0,frozen_confirmed_by_researcher
non_USDC,scheduled,6,2,2,5.0,5.0,-33.095,5.0,0.0,0.0,0.5,RQI_DII_v1.0,frozen_confirmed_by_researcher
non_USDC,scheduled,7,2,2,0.22,0.22,-14.081,-0.22,0.0,0.0,0.5,RQI_DII_v1.0,frozen_confirmed_by_researcher
non_USDC,scheduled,8,2,2,9.675,9.675,-7.321999999999999,-9.675,0.0,0.0,0.5,RQI_DII_v1.0,frozen_confirmed_by_researcher
non_USDC,scheduled,9,2,2,0.13999999999999999,0.13999999999999999,-9.559000000000001,-0.13999999999999999,0.0,0.0,0.5,RQI_DII_v1.0,frozen_confirmed_by_researcher
non_USDC,scheduled,10,2,2,3.8000000000000003,3.8000000000000003,-4.275,-3.8000000000000003,0.0,0.0,0.5,RQI_DII_v1.0,frozen_confirmed_by_researcher
non_USDC,scheduled,11,2,2,0.9450000000000001,0.9450000000000001,-12.554,-0.9450000000000001,0.0,0.0,0.5,RQI_DII_v1.0,frozen_confirmed_by_researcher
non_USDC,scheduled,12,2,2,20.67,20.67,-19.612000000000002,19.33,0.0,0.0,0.5,RQI_DII_v1.0,frozen_confirmed_by_researcher
non_USDC,scheduled,13,2,2,3.41,3.41,-1.9649999999999999,-3.41,0.0,0.0,0.5,RQI_DII_v1.0,frozen_confirmed_by_researcher
non_USDC,scheduled,14,2,2,5.935,5.935,-31.454999999999995,4.065,0.0,0.0,0.5,RQI_DII_v1.0,frozen_confirmed_by_researcher
