event_unit_id,stablecoin,issuer_scope,event_class,event_date,event_families,record_count,manual_review_required,min_priority,market_stress_on_event_date,overlap_risk_7d_window,overlap_risk_14d_window,episode_override_applied,canonical_event_date_basis,episode_merge_rules,window_days,pre_n,post_n,expected_pre_n,expected_post_n,complete_window,pre_mean_abs_peg_dev_bps,post_mean_abs_peg_dev_bps,delta_post_minus_pre_abs_peg_dev_bps,pre_mean_peer_adjusted_abs_peg_dev_bps,post_mean_peer_adjusted_abs_peg_dev_bps,delta_post_minus_pre_peer_adjusted_abs_bps,pre_mean_peg_dev_bps,post_mean_peg_dev_bps,delta_post_minus_pre_peg_dev_bps,event_day_abs_peg_dev_bps,event_day_peer_adjusted_abs_peg_dev_bps,max_post_abs_peg_dev_bps,max_post_peer_adjusted_abs_peg_dev_bps,pre_tail50_rate,post_tail50_rate,delta_post_minus_pre_tail50_rate,rule_version,rule_status,provisional_flag,provisional_reason
BUSD_WINDDOWN_2023_02_13,BUSD,non_USDC,ad_hoc,2023-02-13,ad_hoc_issuer_event; ad_hoc_regulatory_event,2,0,P0,1,0,0,0,publication_date,,3,3,4,3,4,1,1.1098666666666668,1.72555,0.6156833333333331,-1.6247,-2.2773450000000004,-0.6526450000000004,0.6135333333333334,-1.72555,-2.3390833333333334,0.6048,-3.0557399999999997,2.3324000000000003,-0.3850600000000002,0.0,0.0,0.0,RQI_DII_v1.0,frozen_confirmed_by_researcher,1,multi_issuer_ready_event_extension_source_verification_pending
BUSD_WINDDOWN_2023_02_13,BUSD,non_USDC,ad_hoc,2023-02-13,ad_hoc_issuer_event; ad_hoc_regulatory_event,2,0,P0,1,0,0,0,publication_date,,7,7,8,7,8,1,0.8956571428571429,1.0213750000000001,0.12571785714285721,-1.83278,-2.4762725,-0.6434924999999998,0.16337142857142858,-0.996375,-1.1597464285714285,0.6048,-3.0557399999999997,2.3324000000000003,-0.3850600000000002,0.0,0.0,0.0,RQI_DII_v1.0,frozen_confirmed_by_researcher,1,multi_issuer_ready_event_extension_source_verification_pending
BUSD_WINDDOWN_2023_02_13,BUSD,non_USDC,ad_hoc,2023-02-13,ad_hoc_issuer_event; ad_hoc_regulatory_event,2,0,P0,1,0,0,0,publication_date,,14,14,15,14,15,1,0.8435785714285714,0.7522533333333336,-0.09132523809523785,-2.0225842857142857,-2.5419199999999997,-0.519335714285714,0.44749285714285714,-0.6552133333333334,-1.1027061904761906,0.6048,-3.0557399999999997,2.3324000000000003,-0.3850600000000002,0.0,0.0,0.0,RQI_DII_v1.0,frozen_confirmed_by_researcher,1,multi_issuer_ready_event_extension_source_verification_pending
USDC_ASSURANCE_2022_01,USDC,USDC,scheduled,2022-02-25,scheduled_monthly_assurance,1,1,P0,0,0,0,0,publication_date,,3,3,4,3,4,1,8.122724666666667,18.0311515,9.908426833333333,-2.328486799999999,3.6932659,6.021752699999999,6.268254,18.0311515,11.762897500000001,8.244235,1.1910011999999988,25.797639,8.042547000000003,0.0,0.0,0.0,RQI_DII_v1.0,frozen_confirmed_by_researcher,1,multi_issuer_ready_event_extension_source_verification_pending
USDC_ASSURANCE_2022_01,USDC,USDC,scheduled,2022-02-25,scheduled_monthly_assurance,1,1,P0,0,0,0,0,publication_date,,7,7,8,7,8,1,11.303774857142857,11.580327,0.2765521428571436,1.2790306571428576,0.17727225000000035,-1.1017584071428572,8.52137542857143,8.98704725,0.46567182142857,8.244235,1.1910011999999988,25.797639,8.042547000000003,0.0,0.0,0.0,RQI_DII_v1.0,frozen_confirmed_by_researcher,1,multi_issuer_ready_event_extension_source_verification_pending
USDC_ASSURANCE_2022_01,USDC,USDC,scheduled,2022-02-25,scheduled_monthly_assurance,1,1,P0,0,0,0,0,publication_date,,14,14,15,14,15,1,8.839965500000002,8.3526412,-0.48732430000000093,0.33226800000000006,-1.1492125866666667,-1.4814805866666667,5.94518992857143,4.932450933333333,-1.012738995238097,8.244235,1.1910011999999988,25.797639,8.042547000000003,0.0,0.0,0.0,RQI_DII_v1.0,frozen_confirmed_by_researcher,1,multi_issuer_ready_event_extension_source_verification_pending
USDC_ASSURANCE_2022_02,USDC,USDC,scheduled,2022-03-31,scheduled_monthly_assurance,1,1,P0,0,0,0,0,publication_date,,3,3,4,3,4,1,8.144909333333333,60.64871049999999,52.50380116666666,-3.3938033333333326,51.42213195,54.81593528333333,3.5284566666666675,60.64871049999999,57.12025383333332,78.603676,73.610377,78.603676,73.610377,0.0,0.75,0.75,RQI_DII_v1.0,frozen_confirmed_by_researcher,1,multi_issuer_ready_event_extension_source_verification_pending
USDC_ASSURANCE_2022_02,USDC,USDC,scheduled,2022-03-31,scheduled_monthly_assurance,1,1,P0,0,0,0,0,publication_date,,7,7,8,7,8,1,7.678718142857143,36.563748749999995,28.885030607142852,-0.4344143142857137,28.624502724999996,29.05891703928571,-1.928200142857142,31.547826249999996,33.476026392857136,78.603676,73.610377,78.603676,73.610377,0.0,0.375,0.375,RQI_DII_v1.0,frozen_confirmed_by_researcher,1,multi_issuer_ready_event_extension_source_verification_pending
USDC_ASSURANCE_2022_02,USDC,USDC,scheduled,2022-03-31,scheduled_monthly_assurance,1,1,P0,0,0,0,0,publication_date,,14,14,15,14,15,1,5.907576571428571,28.43555753333333,22.52798096190476,-0.20292844285714257,20.115205266666667,20.31813370952381,-1.8284605714285713,9.705771666666662,11.534232238095234,78.603676,73.610377,78.603676,73.610377,0.0,0.2,0.2,RQI_DII_v1.0,frozen_confirmed_by_researcher,1,multi_issuer_ready_event_extension_source_verification_pending
USDC_ASSURANCE_2022_03,USDC,USDC,scheduled,2022-04-29,scheduled_monthly_assurance,1,1,P0,0,0,1,0,publication_date,,3,3,4,3,4,1,16.675603999999996,19.705997500000002,3.030393500000006,12.141876466666664,11.83519035,-0.3066861166666648,-16.675603999999996,-19.705997500000002,-3.030393500000006,14.689703999999999,11.758491799999998,26.172708,16.444776400000002,0.0,0.0,0.0,RQI_DII_v1.0,frozen_confirmed_by_researcher,1,multi_issuer_ready_event_extension_source_verification_pending
USDC_ASSURANCE_2022_03,USDC,USDC,scheduled,2022-04-29,scheduled_monthly_assurance,1,1,P0,0,0,1,0,publication_date,,7,7,8,7,8,1,11.492801571428572,14.846155500000002,3.3533539285714298,6.468315714285713,7.141978324999999,0.6736626107142865,-8.486784428571427,-14.846155500000002,-6.3593710714285745,14.689703999999999,11.758491799999998,26.172708,16.444776400000002,0.0,0.0,0.0,RQI_DII_v1.0,frozen_confirmed_by_researcher,1,multi_issuer_ready_event_extension_source_verification_pending
USDC_ASSURANCE_2022_03,USDC,USDC,scheduled,2022-04-29,scheduled_monthly_assurance,1,1,P0,0,0,1,0,publication_date,,14,14,15,14,15,1,9.71198092857143,12.784854733333333,3.072873804761903,3.5946369285714277,6.900971613333334,3.306334684761906,-8.208972357142857,-12.784854733333333,-4.575882376190476,14.689703999999999,11.758491799999998,29.605096999999997,21.043161999999995,0.0,0.0,0.0,RQI_DII_v1.0,frozen_confirmed_by_researcher,1,multi_issuer_ready_event_extension_source_verification_pending
USDC_ASSURANCE_2022_04,USDC,USDC,scheduled,2022-05-23,scheduled_monthly_assurance,1,1,P0,0,0,1,0,publication_date,,3,3,4,3,4,1,3.6541,2.171025,-1.483075,-4.324353333333334,-5.6264,-1.3020466666666666,3.6541,2.171025,-1.483075,4.3695,-1.2290600000000005,4.3695,-1.2290600000000005,0.0,0.0,0.0,RQI_DII_v1.0,frozen_confirmed_by_researcher,1,multi_issuer_ready_event_extension_source_verification_pending
USDC_ASSURANCE_2022_04,USDC,USDC,scheduled,2022-05-23,scheduled_monthly_assurance,1,1,P0,0,0,1,0,publication_date,,7,7,8,7,8,1,3.2772857142857146,2.23145,-1.0458357142857144,-6.019841285714286,-4.5523475,1.4674937857142858,3.2772857142857146,2.23145,-1.0458357142857144,4.3695,-1.2290600000000005,4.3695,1.01112,0.0,0.0,0.0,RQI_DII_v1.0,frozen_confirmed_by_researcher,1,multi_issuer_ready_event_extension_source_verification_pending
USDC_ASSURANCE_2022_04,USDC,USDC,scheduled,2022-05-23,scheduled_monthly_assurance,1,1,P0,0,0,1,0,publication_date,,14,14,15,14,15,1,2.9201794285714286,2.8875000000000006,-0.032679428571428026,-3.815247085714286,-2.846022666666666,0.9692244190476202,0.6428205714285715,2.8875000000000006,2.244679428571429,4.3695,-1.2290600000000005,6.816800000000001,3.5776000000000012,0.0,0.0,0.0,RQI_DII_v1.0,frozen_confirmed_by_researcher,1,multi_issuer_ready_event_extension_source_verification_pending
USDC_ASSURANCE_2022_06,USDC,USDC,scheduled,2022-07-28,scheduled_monthly_assurance,1,1,P0,0,0,1,0,publication_date,,3,3,4,3,4,1,1.5438333333333334,0.185525,-1.3583083333333335,-0.23107333333333355,-1.63385,-1.4027766666666666,1.5438333333333334,0.185525,-1.3583083333333335,0.1973,-2.0978200000000005,0.481,-0.6031800000000002,0.0,0.0,0.0,RQI_DII_v1.0,frozen_confirmed_by_researcher,1,multi_issuer_ready_event_extension_source_verification_pending
USDC_ASSURANCE_2022_06,USDC,USDC,scheduled,2022-07-28,scheduled_monthly_assurance,1,1,P0,0,0,1,0,publication_date,,7,7,8,7,8,1,1.6205714285714288,1.1272625,-0.4933089285714287,-0.015160000000000158,-1.6659949999999997,-1.6508349999999996,1.6205714285714288,0.8534875000000001,-0.7670839285714287,0.1973,-2.0978200000000005,6.1002,2.2774600000000005,0.0,0.0,0.0,RQI_DII_v1.0,frozen_confirmed_by_researcher,1,multi_issuer_ready_event_extension_source_verification_pending
USDC_ASSURANCE_2022_06,USDC,USDC,scheduled,2022-07-28,scheduled_monthly_assurance,1,1,P0,0,0,1,0,publication_date,,14,14,15,14,15,1,1.273292857142857,0.8101066666666665,-0.4631861904761905,-0.41423571428571443,-1.5963759999999998,-1.1821402857142853,0.4464071428571429,0.3858933333333333,-0.06051380952380958,0.1973,-2.0978200000000005,6.1002,2.2774600000000005,0.0,0.0,0.0,RQI_DII_v1.0,frozen_confirmed_by_researcher,1,multi_issuer_ready_event_extension_source_verification_pending
USDC_ASSURANCE_2022_07,USDC,USDC,scheduled,2022-08-24,scheduled_monthly_assurance,1,0,P0,0,0,1,0,publication_date,,3,3,4,3,4,1,0.5174333333333333,0.46855,-0.04888333333333328,-2.5263000000000004,-0.84747,1.6788300000000005,-0.09689999999999999,0.17995000000000003,0.27685000000000004,0.0,-1.716,1.2970000000000002,-0.1957399999999998,0.0,0.0,0.0,RQI_DII_v1.0,frozen_confirmed_by_researcher,1,multi_issuer_ready_event_extension_source_verification_pending
USDC_ASSURANCE_2022_07,USDC,USDC,scheduled,2022-08-24,scheduled_monthly_assurance,1,0,P0,0,0,1,0,publication_date,,7,7,8,7,8,1,0.6149714285714286,0.44925000000000004,-0.16572142857142858,-1.9082914285714287,-1.6142550000000002,0.29403642857142853,0.3516857142857143,0.28485000000000005,-0.06683571428571428,0.0,-1.716,1.2970000000000002,-0.1957399999999998,0.0,0.0,0.0,RQI_DII_v1.0,frozen_confirmed_by_researcher,1,multi_issuer_ready_event_extension_source_verification_pending
USDC_ASSURANCE_2022_07,USDC,USDC,scheduled,2022-08-24,scheduled_monthly_assurance,1,0,P0,0,0,1,0,publication_date,,14,14,15,14,15,1,0.6163785714285714,0.5634266666666667,-0.0529519047619047,-1.8358514285714287,-1.1277426666666668,0.7081087619047619,-0.13280714285714287,0.3224000000000001,0.4552071428571429,0.0,-1.716,3.673,2.90482,0.0,0.0,0.0,RQI_DII_v1.0,frozen_confirmed_by_researcher,1,multi_issuer_ready_event_extension_source_verification_pending
USDC_ASSURANCE_2022_08,USDC,USDC,scheduled,2022-09-23,scheduled_monthly_assurance,1,0,P0,0,0,0,0,publication_date,,3,3,4,3,4,1,0.5209333333333334,0.3989,-0.12203333333333338,-0.3042333333333333,-0.402115,-0.0978816666666667,0.11193333333333333,0.14584999999999998,0.03391666666666665,0.7509,0.026879999999999904,0.7509,0.026879999999999904,0.0,0.0,0.0,RQI_DII_v1.0,frozen_confirmed_by_researcher,1,multi_issuer_ready_event_extension_source_verification_pending
USDC_ASSURANCE_2022_08,USDC,USDC,scheduled,2022-09-23,scheduled_monthly_assurance,1,0,P0,0,0,0,0,publication_date,,7,7,8,7,8,1,0.47268571428571426,0.7987750000000001,0.32608928571428586,-0.7884971428571428,-0.22338499999999997,0.5651121428571428,0.29740000000000005,0.6722500000000001,0.37485000000000007,0.7509,0.026879999999999904,2.5963000000000003,1.6682600000000003,0.0,0.0,0.0,RQI_DII_v1.0,frozen_confirmed_by_researcher,1,multi_issuer_ready_event_extension_source_verification_pending
USDC_ASSURANCE_2022_08,USDC,USDC,scheduled,2022-09-23,scheduled_monthly_assurance,1,0,P0,0,0,0,0,publication_date,,14,14,15,14,15,1,0.38935,0.5476066666666667,0.1582566666666667,-1.3909557142857143,-1.6749226666666668,-0.2839669523809525,0.07615000000000001,0.3195666666666668,0.24341666666666678,0.7509,0.026879999999999904,2.5963000000000003,1.6682600000000003,0.0,0.0,0.0,RQI_DII_v1.0,frozen_confirmed_by_researcher,1,multi_issuer_ready_event_extension_source_verification_pending
USDC_ASSURANCE_2022_09,USDC,USDC,scheduled,2022-10-25,scheduled_monthly_assurance,1,0,P0,0,0,1,0,publication_date,,3,3,4,3,4,1,0.8784333333333333,0.26715,-0.6112833333333333,-1.3232599999999999,-3.018395,-1.695135,0.2524333333333333,-0.1553,-0.4077333333333333,0.0753,-5.26354,0.8449,-1.83548,0.0,0.0,0.0,RQI_DII_v1.0,frozen_confirmed_by_researcher,1,multi_issuer_ready_event_extension_source_verification_pending
USDC_ASSURANCE_2022_09,USDC,USDC,scheduled,2022-10-25,scheduled_monthly_assurance,1,0,P0,0,0,1,0,publication_date,,7,7,8,7,8,1,0.5122857142857143,0.28876250000000003,-0.2235232142857143,-2.0653742857142854,-3.4097524999999997,-1.3443782142857144,0.2212285714285714,-0.2328375,-0.4540660714285714,0.0753,-5.26354,0.8449,-1.83548,0.0,0.0,0.0,RQI_DII_v1.0,frozen_confirmed_by_researcher,1,multi_issuer_ready_event_extension_source_verification_pending
USDC_ASSURANCE_2022_09,USDC,USDC,scheduled,2022-10-25,scheduled_monthly_assurance,1,0,P0,0,0,1,0,publication_date,,14,14,15,14,15,1,0.38509999999999994,0.33526,-0.04983999999999994,-1.9274228571428569,-2.8378053333333333,-0.9103824761904764,0.031742857142857135,-0.03286000000000003,-0.06460285714285716,0.0753,-5.26354,0.9762000000000001,-0.19128000000000012,0.0,0.0,0.0,RQI_DII_v1.0,frozen_confirmed_by_researcher,1,multi_issuer_ready_event_extension_source_verification_pending
USDC_ASSURANCE_2022_10,USDC,USDC,scheduled,2022-11-22,scheduled_monthly_assurance,1,0,P0,0,0,1,0,publication_date,,3,3,4,3,4,1,0.8896999999999999,1.1416750000000002,0.2519750000000003,-7.063579999999999,-6.522584999999999,0.5409949999999997,0.8896999999999999,0.303475,-0.586225,2.6976,-5.8125800000000005,2.6976,-4.16328,0.0,0.0,0.0,RQI_DII_v1.0,frozen_confirmed_by_researcher,1,multi_issuer_ready_event_extension_source_verification_pending
USDC_ASSURANCE_2022_10,USDC,USDC,scheduled,2022-11-22,scheduled_monthly_assurance,1,0,P0,0,0,1,0,publication_date,,7,7,8,7,8,1,1.328485714285714,1.1747,-0.15378571428571397,-5.281028571428571,-5.3351975,-0.05416892857142841,1.3255142857142856,0.570175,-0.7553392857142857,2.6976,-5.8125800000000005,2.6976,-1.9058,0.0,0.0,0.0,RQI_DII_v1.0,frozen_confirmed_by_researcher,1,multi_issuer_ready_event_extension_source_verification_pending
USDC_ASSURANCE_2022_10,USDC,USDC,scheduled,2022-11-22,scheduled_monthly_assurance,1,0,P0,0,0,1,0,publication_date,,14,14,15,14,15,1,3.0114571428571426,0.7620266666666667,-2.2494304761904758,-5.384965714285714,-4.406853333333333,0.9781123809523811,2.770742857142857,0.41701333333333324,-2.3537295238095237,2.6976,-5.8125800000000005,2.6976,-1.65334,0.0,0.0,0.0,RQI_DII_v1.0,frozen_confirmed_by_researcher,1,multi_issuer_ready_event_extension_source_verification_pending
USDC_ASSURANCE_2022_11,USDC,USDC,scheduled,2022-12-22,scheduled_monthly_assurance,1,0,P0,0,0,0,0,publication_date,,3,3,4,3,4,1,0.32976666666666665,0.8032000000000001,0.4734333333333335,-3.979493333333334,-3.28853,0.6909633333333338,-0.08936666666666666,0.8032000000000001,0.8925666666666668,0.0479,-0.4711,2.1706000000000003,-0.4711,0.0,0.0,0.0,RQI_DII_v1.0,frozen_confirmed_by_researcher,1,multi_issuer_ready_event_extension_source_verification_pending
USDC_ASSURANCE_2022_11,USDC,USDC,scheduled,2022-12-22,scheduled_monthly_assurance,1,0,P0,0,0,0,0,publication_date,,7,7,8,7,8,1,0.4639142857142858,1.1236625,0.6597482142857143,-2.9087685714285714,-2.7593300000000003,0.1494385714285711,0.13722857142857142,0.9580375,0.8208089285714286,0.0479,-0.4711,3.83,0.5876999999999999,0.0,0.0,0.0,RQI_DII_v1.0,frozen_confirmed_by_researcher,1,multi_issuer_ready_event_extension_source_verification_pending
USDC_ASSURANCE_2022_11,USDC,USDC,scheduled,2022-12-22,scheduled_monthly_assurance,1,0,P0,0,0,0,0,publication_date,,14,14,15,14,15,1,0.3659071428571428,1.2242666666666666,0.8583595238095238,-3.131737142857143,-3.082489333333333,0.04924780952381003,0.07026428571428571,1.0551733333333333,0.9849090476190476,0.0479,-0.4711,4.1658,0.5876999999999999,0.0,0.0,0.0,RQI_DII_v1.0,frozen_confirmed_by_researcher,1,multi_issuer_ready_event_extension_source_verification_pending
USDC_ASSURANCE_2022_12,USDC,USDC,scheduled,2023-01-25,scheduled_monthly_assurance,1,0,P0,0,0,0,0,publication_date,,3,3,4,3,4,1,0.44406666666666667,1.0644,0.6203333333333334,-4.689373333333333,-5.516859999999999,-0.8274866666666663,-0.2226,0.8356000000000001,1.0582,3.8000000000000003,-9.9008,3.8000000000000003,-3.6295200000000003,0.0,0.0,0.0,RQI_DII_v1.0,frozen_confirmed_by_researcher,1,multi_issuer_ready_event_extension_source_verification_pending
USDC_ASSURANCE_2022_12,USDC,USDC,scheduled,2023-01-25,scheduled_monthly_assurance,1,0,P0,0,0,0,0,publication_date,,7,7,8,7,8,1,0.9955285714285714,1.2502875,0.25475892857142857,-3.165165714285714,-3.8419874999999997,-0.6768217857142855,0.5669571428571428,0.9972625,0.4303053571428572,3.8000000000000003,-9.9008,3.8000000000000003,-0.12376000000000031,0.0,0.0,0.0,RQI_DII_v1.0,frozen_confirmed_by_researcher,1,multi_issuer_ready_event_extension_source_verification_pending
USDC_ASSURANCE_2022_12,USDC,USDC,scheduled,2023-01-25,scheduled_monthly_assurance,1,0,P0,0,0,0,0,publication_date,,14,14,15,14,15,1,0.5549071428571429,0.7754733333333333,0.22056619047619042,-3.445902857142857,-3.3285653333333327,0.11733752380952422,0.2263357142857143,0.4671933333333334,0.2408576190476191,3.8000000000000003,-9.9008,3.8000000000000003,-0.12376000000000031,0.0,0.0,0.0,RQI_DII_v1.0,frozen_confirmed_by_researcher,1,multi_issuer_ready_event_extension_source_verification_pending
USDC_ASSURANCE_2023_01,USDC,USDC,scheduled,2023-03-02,scheduled_monthly_assurance,1,1,P0,0,0,1,0,publication_date,,3,3,4,3,4,1,0.7750333333333334,1.1302,0.35516666666666674,-2.7548133333333333,-3.2991650000000003,-0.544351666666667,-0.7750333333333334,-1.1302,-0.35516666666666674,1.0,-2.917580000000001,2.8174,-2.47912,0.0,0.0,0.0,RQI_DII_v1.0,frozen_confirmed_by_researcher,1,multi_issuer_ready_event_extension_source_verification_pending
USDC_ASSURANCE_2023_01,USDC,USDC,scheduled,2023-03-02,scheduled_monthly_assurance,1,1,P0,0,0,1,0,publication_date,,7,7,8,7,8,1,0.7606142857142857,0.6367,-0.12391428571428564,-2.7270457142857145,-4.0842375,-1.357191785714286,-0.7606142857142857,-0.6367,0.12391428571428564,1.0,-2.917580000000001,2.8174,-2.47912,0.0,0.0,0.0,RQI_DII_v1.0,frozen_confirmed_by_researcher,1,multi_issuer_ready_event_extension_source_verification_pending
USDC_ASSURANCE_2023_01,USDC,USDC,scheduled,2023-03-02,scheduled_monthly_assurance,1,1,P0,0,0,1,0,publication_date,,14,14,15,14,15,1,0.5634571428571429,36.866126666666666,36.30266952380952,-2.590435714285714,22.077665333333336,24.66810104761905,-0.5634571428571429,-34.19946,-33.636002857142856,1.0,-2.917580000000001,389.34999999999997,346.06199999999995,0.0,0.13333333333333333,0.13333333333333333,RQI_DII_v1.0,frozen_confirmed_by_researcher,1,multi_issuer_ready_event_extension_source_verification_pending
USDC_ASSURANCE_2023_02,USDC,USDC,scheduled,2023-03-30,scheduled_monthly_assurance,1,1,P0,0,0,1,0,publication_date,,3,3,4,3,4,1,4.823333333333333,5.05,0.22666666666666657,-3.4599999999999995,-3.0774999999999997,0.38249999999999984,1.843333333333333,4.95,3.1066666666666674,0.2,-3.014,10.0,2.0,0.0,0.0,0.0,RQI_DII_v1.0,frozen_confirmed_by_researcher,1,multi_issuer_ready_event_extension_source_verification_pending
USDC_ASSURANCE_2023_02,USDC,USDC,scheduled,2023-03-30,scheduled_monthly_assurance,1,1,P0,0,0,1,0,publication_date,,7,7,8,7,8,1,27.78142857142857,4.0737499999999995,-23.70767857142857,-2.9114285714285715,-2.9034999999999997,0.007928571428571729,26.504285714285714,0.9262500000000002,-25.578035714285715,0.2,-3.014,10.78,6.556,0.2857142857142857,0.0,-0.2857142857142857,RQI_DII_v1.0,frozen_confirmed_by_researcher,1,multi_issuer_ready_event_extension_source_verification_pending
USDC_ASSURANCE_2023_02,USDC,USDC,scheduled,2023-03-30,scheduled_monthly_assurance,1,1,P0,0,0,1,0,publication_date,,14,14,15,14,15,1,32.46214285714286,6.1419999999999995,-26.32014285714286,-4.756285714285714,-1.8585333333333334,2.897752380952381,31.823571428571427,3.1913333333333336,-28.632238095238094,0.2,-3.014,30.0,14.0,0.21428571428571427,0.0,-0.21428571428571427,RQI_DII_v1.0,frozen_confirmed_by_researcher,1,multi_issuer_ready_event_extension_source_verification_pending
USDC_ASSURANCE_2023_03,USDC,USDC,scheduled,2023-04-28,scheduled_monthly_assurance,1,1,P0,0,0,0,0,publication_date,,3,3,4,3,4,1,26.96666666666667,5.6925,-21.27416666666667,8.308000000000002,-8.099,-16.407000000000004,-26.96666666666667,4.3075,31.27416666666667,20.0,8.0,20.0,8.0,0.3333333333333333,0.0,-0.3333333333333333,RQI_DII_v1.0,frozen_confirmed_by_researcher,1,multi_issuer_ready_event_extension_source_verification_pending
USDC_ASSURANCE_2023_03,USDC,USDC,scheduled,2023-04-28,scheduled_monthly_assurance,1,1,P0,0,0,0,0,publication_date,,7,7,8,7,8,1,11.617142857142857,7.891249999999999,-3.725892857142858,0.1065714285714294,-1.9217500000000003,-2.0283214285714295,-11.617142857142857,-0.3912499999999999,11.225892857142858,20.0,8.0,20.0,8.0,0.14285714285714285,0.0,-0.14285714285714285,RQI_DII_v1.0,frozen_confirmed_by_researcher,1,multi_issuer_ready_event_extension_source_verification_pending
USDC_ASSURANCE_2023_03,USDC,USDC,scheduled,2023-04-28,scheduled_monthly_assurance,1,1,P0,0,0,0,0,publication_date,,14,14,15,14,15,1,8.945714285714285,10.147333333333334,1.2016190476190491,-3.050142857142857,0.4661333333333331,3.51627619047619,-6.088571428571429,0.5193333333333336,6.607904761904763,20.0,8.0,30.0,8.0,0.07142857142857142,0.0,-0.07142857142857142,RQI_DII_v1.0,frozen_confirmed_by_researcher,1,multi_issuer_ready_event_extension_source_verification_pending
USDC_ASSURANCE_2023_04,USDC,USDC,scheduled,2023-05-30,scheduled_monthly_assurance,1,1,P0,0,0,0,0,publication_date,,3,3,4,3,4,1,7.8066666666666675,4.13,-3.6766666666666676,0.884,-0.03450000000000042,-0.9185000000000004,-1.1400000000000003,-4.13,-2.9899999999999993,1.24,-1.9820000000000004,11.04,4.491999999999999,0.0,0.0,0.0,RQI_DII_v1.0,frozen_confirmed_by_researcher,1,multi_issuer_ready_event_extension_source_verification_pending
USDC_ASSURANCE_2023_04,USDC,USDC,scheduled,2023-05-30,scheduled_monthly_assurance,1,1,P0,0,0,0,0,publication_date,,7,7,8,7,8,1,5.587142857142857,3.62,-1.967142857142857,-0.7814285714285715,0.43324999999999986,1.2146785714285713,0.12714285714285709,-1.1199999999999999,-1.2471428571428569,1.24,-1.9820000000000004,11.04,6.682,0.0,0.0,0.0,RQI_DII_v1.0,frozen_confirmed_by_researcher,1,multi_issuer_ready_event_extension_source_verification_pending
USDC_ASSURANCE_2023_04,USDC,USDC,scheduled,2023-05-30,scheduled_monthly_assurance,1,1,P0,0,0,0,0,publication_date,,14,14,15,14,15,1,6.4435714285714285,4.560666666666667,-1.8829047619047614,0.9349999999999999,-0.3973333333333335,-1.3323333333333334,2.1278571428571427,0.7726666666666667,-1.3551904761904758,1.24,-1.9820000000000004,11.04,6.682,0.0,0.0,0.0,RQI_DII_v1.0,frozen_confirmed_by_researcher,1,multi_issuer_ready_event_extension_source_verification_pending
USDC_ASSURANCE_2023_05,USDC,USDC,scheduled,2023-06-30,scheduled_monthly_assurance,1,1,P0,0,0,1,0,publication_date,,3,3,4,3,4,1,6.666666666666667,6.525,-0.1416666666666666,-3.410666666666667,1.2260000000000004,4.636666666666668,6.666666666666667,3.475,-3.191666666666667,4.51,1.1860000000000004,10.0,4.890000000000001,0.0,0.0,0.0,RQI_DII_v1.0,frozen_confirmed_by_researcher,1,multi_issuer_ready_event_extension_source_verification_pending
USDC_ASSURANCE_2023_05,USDC,USDC,scheduled,2023-06-30,scheduled_monthly_assurance,1,1,P0,0,0,1,0,publication_date,,7,7,8,7,8,1,6.804285714285713,6.28375,-0.520535714285713,-0.7265714285714286,1.4142500000000005,2.140821428571429,1.7671428571428573,1.2162499999999998,-0.5508928571428575,4.51,1.1860000000000004,10.0,7.846,0.0,0.0,0.0,RQI_DII_v1.0,frozen_confirmed_by_researcher,1,multi_issuer_ready_event_extension_source_verification_pending
USDC_ASSURANCE_2023_05,USDC,USDC,scheduled,2023-06-30,scheduled_monthly_assurance,1,1,P0,0,0,1,0,publication_date,,14,14,15,14,15,1,7.1,5.073333333333333,-2.0266666666666664,-2.4482857142857144,-0.3137333333333329,2.1345523809523814,0.04285714285714296,-1.0733333333333335,-1.1161904761904764,4.51,1.1860000000000004,10.0,7.846,0.0,0.0,0.0,RQI_DII_v1.0,frozen_confirmed_by_researcher,1,multi_issuer_ready_event_extension_source_verification_pending
USDC_ASSURANCE_2023_06,USDC,USDC,scheduled,2023-07-28,scheduled_monthly_assurance,1,1,P0,0,0,1,0,publication_date,,3,3,4,3,4,1,0.0,1.0525,1.0525,-3.7340000000000004,-3.2904999999999998,0.44350000000000067,0.0,-1.0525,-1.0525,0.0,-1.122,4.21,-0.005999999999999339,0.0,0.0,0.0,RQI_DII_v1.0,frozen_confirmed_by_researcher,1,multi_issuer_ready_event_extension_source_verification_pending
USDC_ASSURANCE_2023_06,USDC,USDC,scheduled,2023-07-28,scheduled_monthly_assurance,1,1,P0,0,0,1,0,publication_date,,7,7,8,7,8,1,0.32999999999999996,3.02625,2.69625,-3.1014285714285714,-4.0715,-0.9700714285714289,-0.32999999999999996,1.97375,2.30375,0.0,-1.122,10.0,7.504,0.0,0.0,0.0,RQI_DII_v1.0,frozen_confirmed_by_researcher,1,multi_issuer_ready_event_extension_source_verification_pending
USDC_ASSURANCE_2023_06,USDC,USDC,scheduled,2023-07-28,scheduled_monthly_assurance,1,1,P0,0,0,1,0,publication_date,,14,14,15,14,15,1,1.707857142857143,2.6366666666666663,0.9288095238095233,-2.3687142857142858,-3.7302666666666666,-1.3615523809523808,-0.27928571428571425,0.029999999999999954,0.3092857142857142,0.0,-1.122,10.0,7.504,0.0,0.0,0.0,RQI_DII_v1.0,frozen_confirmed_by_researcher,1,multi_issuer_ready_event_extension_source_verification_pending
USDC_ASSURANCE_2023_07,USDC,USDC,scheduled,2023-08-30,scheduled_monthly_assurance,1,1,P0,0,0,0,0,publication_date,,3,3,4,3,4,1,2.1300000000000003,7.3,5.17,-18.408,-0.053500000000000325,18.3545,-2.1300000000000003,-2.3,-0.16999999999999948,11.02,6.12,11.02,6.12,0.0,0.0,0.0,RQI_DII_v1.0,frozen_confirmed_by_researcher,1,multi_issuer_ready_event_extension_source_verification_pending
USDC_ASSURANCE_2023_07,USDC,USDC,scheduled,2023-08-30,scheduled_monthly_assurance,1,1,P0,0,0,0,0,publication_date,,7,7,8,7,8,1,3.924285714285714,4.74875,0.8244642857142863,-10.004285714285714,-5.029249999999999,4.975035714285715,-1.0671428571428572,-2.2487500000000002,-1.181607142857143,11.02,6.12,11.02,6.12,0.0,0.0,0.0,RQI_DII_v1.0,frozen_confirmed_by_researcher,1,multi_issuer_ready_event_extension_source_verification_pending
USDC_ASSURANCE_2023_07,USDC,USDC,scheduled,2023-08-30,scheduled_monthly_assurance,1,1,P0,0,0,0,0,publication_date,,14,14,15,14,15,1,5.6257142857142854,4.084,-1.5417142857142858,-6.950857142857143,-5.723866666666665,1.226990476190478,-1.3399999999999999,-0.0840000000000001,1.2559999999999998,11.02,6.12,11.02,6.12,0.0,0.0,0.0,RQI_DII_v1.0,frozen_confirmed_by_researcher,1,multi_issuer_ready_event_extension_source_verification_pending
USDC_ASSURANCE_2023_08,USDC,USDC,scheduled,2023-09-29,scheduled_monthly_assurance,1,1,P0,0,0,0,0,publication_date,,3,3,4,3,4,1,6.666666666666667,3.0675,-3.599166666666667,0.3533333333333332,-1.8615,-2.214833333333333,6.666666666666667,1.9324999999999999,-4.734166666666667,10.0,5.018000000000001,10.0,5.018000000000001,0.0,0.0,0.0,RQI_DII_v1.0,frozen_confirmed_by_researcher,1,multi_issuer_ready_event_extension_source_verification_pending
USDC_ASSURANCE_2023_08,USDC,USDC,scheduled,2023-09-29,scheduled_monthly_assurance,1,1,P0,0,0,0,0,publication_date,,7,7,8,7,8,1,6.05,3.8062500000000004,-2.2437499999999995,-0.9694285714285716,-2.769,-1.7995714285714284,2.5214285714285714,1.1937499999999999,-1.3276785714285715,10.0,5.018000000000001,10.0,5.018000000000001,0.0,0.0,0.0,RQI_DII_v1.0,frozen_confirmed_by_researcher,1,multi_issuer_ready_event_extension_source_verification_pending
USDC_ASSURANCE_2023_08,USDC,USDC,scheduled,2023-09-29,scheduled_monthly_assurance,1,1,P0,0,0,0,0,publication_date,,14,14,15,14,15,1,5.187142857142858,4.192666666666667,-0.994476190476191,-1.755142857142857,-2.3538666666666668,-0.5987238095238099,-0.9014285714285712,1.1406666666666667,2.042095238095238,10.0,5.018000000000001,10.169999999999998,5.018000000000001,0.0,0.0,0.0,RQI_DII_v1.0,frozen_confirmed_by_researcher,1,multi_issuer_ready_event_extension_source_verification_pending
USDC_ASSURANCE_2023_09,USDC,USDC,scheduled,2023-10-30,scheduled_monthly_assurance,1,1,P0,0,0,0,0,publication_date,,3,3,4,3,4,1,3.3333333333333335,5.289999999999999,1.9566666666666657,-1.3373333333333328,-2.031,-0.6936666666666673,3.3333333333333335,-0.2899999999999996,-3.623333333333333,0.97,-6.956,10.0,0.5799999999999992,0.0,0.0,0.0,RQI_DII_v1.0,frozen_confirmed_by_researcher,1,multi_issuer_ready_event_extension_source_verification_pending
USDC_ASSURANCE_2023_09,USDC,USDC,scheduled,2023-10-30,scheduled_monthly_assurance,1,1,P0,0,0,0,0,publication_date,,7,7,8,7,8,1,8.8,4.1187499999999995,-4.681250000000001,-0.9062857142857138,-3.23175,-2.325464285714286,5.485714285714286,-1.6187499999999997,-7.104464285714285,0.97,-6.956,10.059999999999999,0.5799999999999992,0.0,0.0,0.0,RQI_DII_v1.0,frozen_confirmed_by_researcher,1,multi_issuer_ready_event_extension_source_verification_pending
USDC_ASSURANCE_2023_09,USDC,USDC,scheduled,2023-10-30,scheduled_monthly_assurance,1,1,P0,0,0,0,0,publication_date,,14,14,15,14,15,1,5.05,4.688,-0.3620000000000001,-2.5567142857142855,-3.1508000000000007,-0.5940857142857152,2.092857142857143,-3.3546666666666662,-5.447523809523809,0.97,-6.956,22.05,17.502000000000002,0.0,0.0,0.0,RQI_DII_v1.0,frozen_confirmed_by_researcher,1,multi_issuer_ready_event_extension_source_verification_pending
USDC_ASSURANCE_2023_11,USDC,USDC,scheduled,2023-12-22,scheduled_monthly_assurance,1,1,P0,0,0,0,0,publication_date,,3,3,4,3,4,1,4.053333333333334,8.3625,4.309166666666667,-8.770666666666665,2.023,10.793666666666665,2.6133333333333333,1.6374999999999997,-0.9758333333333336,10.0,7.266,13.450000000000001,7.266,0.0,0.0,0.0,RQI_DII_v1.0,frozen_confirmed_by_researcher,1,multi_issuer_ready_event_extension_source_verification_pending
USDC_ASSURANCE_2023_11,USDC,USDC,scheduled,2023-12-22,scheduled_monthly_assurance,1,1,P0,0,0,0,0,publication_date,,7,7,8,7,8,1,8.501428571428571,9.3175,0.8160714285714299,-12.928857142857144,-1.52925,11.399607142857144,2.9271428571428575,3.1825,0.2553571428571426,10.0,7.266,20.0,7.266,0.0,0.0,0.0,RQI_DII_v1.0,frozen_confirmed_by_researcher,1,multi_issuer_ready_event_extension_source_verification_pending
USDC_ASSURANCE_2023_11,USDC,USDC,scheduled,2023-12-22,scheduled_monthly_assurance,1,1,P0,0,0,0,0,publication_date,,14,14,15,14,15,1,8.68,9.184666666666667,0.504666666666667,-7.911571428571429,-4.1364,3.7751714285714293,2.7485714285714287,1.4819999999999998,-1.266571428571429,10.0,7.266,30.0,9.188,0.0,0.0,0.0,RQI_DII_v1.0,frozen_confirmed_by_researcher,1,multi_issuer_ready_event_extension_source_verification_pending
USDC_ASSURANCE_2024_01,USDC,USDC,scheduled,2024-02-29,scheduled_monthly_assurance,1,1,P0,0,0,0,0,publication_date,,3,3,4,3,4,1,9.973333333333333,17.9975,8.024166666666666,-49.43333333333334,-13.307,36.126333333333335,-3.306666666666666,2.0025,5.309166666666666,21.67,-69.242,30.0,14.0,0.0,0.0,0.0,RQI_DII_v1.0,frozen_confirmed_by_researcher,1,multi_issuer_ready_event_extension_source_verification_pending
USDC_ASSURANCE_2024_01,USDC,USDC,scheduled,2024-02-29,scheduled_monthly_assurance,1,1,P0,0,0,0,0,publication_date,,7,7,8,7,8,1,11.12857142857143,19.801250000000003,8.672678571428573,-49.614,-5.35325,44.260749999999994,-2.557142857142857,-4.8012500000000005,-2.2441071428571435,21.67,-69.242,34.81,28.910000000000004,0.0,0.0,0.0,RQI_DII_v1.0,frozen_confirmed_by_researcher,1,multi_issuer_ready_event_extension_source_verification_pending
USDC_ASSURANCE_2024_01,USDC,USDC,scheduled,2024-02-29,scheduled_monthly_assurance,1,1,P0,0,0,0,0,publication_date,,14,14,15,14,15,1,12.796428571428569,13.654666666666667,0.8582380952380984,-43.409285714285716,-19.296533333333333,24.112752380952383,0.06071428571428582,-4.3213333333333335,-4.382047619047619,21.67,-69.242,34.81,28.910000000000004,0.0,0.0,0.0,RQI_DII_v1.0,frozen_confirmed_by_researcher,1,multi_issuer_ready_event_extension_source_verification_pending
USDC_ASSURANCE_2024_07,USDC,USDC,scheduled,2024-08-27,scheduled_monthly_assurance,1,1,P0,0,0,0,0,publication_date,,3,3,4,3,4,1,7.8133333333333335,3.58,-4.233333333333333,-1.3506666666666665,-8.5425,-7.191833333333334,-1.1466666666666665,-3.58,-2.4333333333333336,10.49,-1.952,10.49,-1.952,0.0,0.0,0.0,RQI_DII_v1.0,frozen_confirmed_by_researcher,1,multi_issuer_ready_event_extension_source_verification_pending
USDC_ASSURANCE_2024_07,USDC,USDC,scheduled,2024-08-27,scheduled_monthly_assurance,1,1,P0,0,0,0,0,publication_date,,7,7,8,7,8,1,5.827142857142857,5.19375,-0.6333928571428578,-3.3382857142857136,-8.91,-5.571714285714286,-2.97,-2.69375,0.2762500000000001,10.49,-1.952,17.23,0.9039999999999999,0.0,0.0,0.0,RQI_DII_v1.0,frozen_confirmed_by_researcher,1,multi_issuer_ready_event_extension_source_verification_pending
USDC_ASSURANCE_2024_07,USDC,USDC,scheduled,2024-08-27,scheduled_monthly_assurance,1,1,P0,0,0,0,0,publication_date,,14,14,15,14,15,1,3.3857142857142857,4.310666666666666,0.9249523809523805,-4.226571428571428,-10.965866666666669,-6.739295238095241,-1.9571428571428573,-1.6439999999999997,0.3131428571428576,10.49,-1.952,17.23,0.9039999999999999,0.0,0.0,0.0,RQI_DII_v1.0,frozen_confirmed_by_researcher,1,multi_issuer_ready_event_extension_source_verification_pending
USDC_ASSURANCE_2024_11,USDC,USDC,scheduled,2024-12-20,scheduled_monthly_assurance,1,1,P0,0,0,0,0,publication_date,,3,3,4,3,4,1,0.89,10.3525,9.462499999999999,-84.606562,-25.945156599999997,58.6614054,-0.89,9.6475,10.537500000000001,10.0,-19.5773,20.0,-15.419588599999997,0.0,0.0,0.0,RQI_DII_v1.0,frozen_confirmed_by_researcher,1,multi_issuer_ready_event_extension_source_verification_pending
USDC_ASSURANCE_2024_11,USDC,USDC,scheduled,2024-12-20,scheduled_monthly_assurance,1,1,P0,0,0,0,0,publication_date,,7,7,8,7,8,1,2.8200000000000003,7.071249999999999,4.251249999999999,-51.93663194285714,-33.8454495,18.09118244285714,0.03714285714285724,5.428750000000001,5.3916071428571435,10.0,-19.5773,20.0,-8.270011199999999,0.0,0.0,0.0,RQI_DII_v1.0,frozen_confirmed_by_researcher,1,multi_issuer_ready_event_extension_source_verification_pending
USDC_ASSURANCE_2024_11,USDC,USDC,scheduled,2024-12-20,scheduled_monthly_assurance,1,1,P0,0,0,0,0,publication_date,,14,14,12,14,15,0,3.96,6.441666666666666,2.4816666666666665,-86.12303025714287,-29.697226850000003,56.425803407142865,-1.1028571428571428,1.8916666666666673,2.99452380952381,10.0,-19.5773,20.0,-8.270011199999999,0.0,0.0,0.0,RQI_DII_v1.0,frozen_confirmed_by_researcher,1,multi_issuer_ready_event_extension_source_verification_pending
USDP_MONTHLY_HOLDINGS_REPORT_JUNE_2024_2024_07_01,USDP,non_USDC,scheduled,2024-07-01,scheduled_monthly_holdings,1,1,P0,0,0,0,0,publication_date,,3,3,4,3,4,1,0.9500000000000001,20.0,19.05,-11.556000000000003,0.13199999999999878,11.688000000000002,-0.9500000000000001,20.0,20.95,30.0,15.780000000000001,30.0,15.780000000000001,0.0,0.0,0.0,RQI_DII_v1.0,frozen_confirmed_by_researcher,1,multi_issuer_ready_event_extension_source_verification_pending
USDP_MONTHLY_HOLDINGS_REPORT_JUNE_2024_2024_07_01,USDP,non_USDC,scheduled,2024-07-01,scheduled_monthly_holdings,1,1,P0,0,0,0,0,publication_date,,7,7,8,7,8,1,1.997142857142857,13.75,11.752857142857144,-9.897142857142857,-12.255,-2.357857142857144,-1.997142857142857,13.75,15.747142857142856,30.0,15.780000000000001,30.0,15.780000000000001,0.0,0.0,0.0,RQI_DII_v1.0,frozen_confirmed_by_researcher,1,multi_issuer_ready_event_extension_source_verification_pending
USDP_MONTHLY_HOLDINGS_REPORT_JUNE_2024_2024_07_01,USDP,non_USDC,scheduled,2024-07-01,scheduled_monthly_holdings,1,1,P0,0,0,0,0,publication_date,,14,14,15,14,15,1,2.093571428571429,12.250666666666666,10.157095238095238,-44.81271428571428,-14.059066666666666,30.753647619047612,-0.665,9.082666666666666,9.747666666666667,30.0,15.780000000000001,40.0,15.780000000000001,0.0,0.0,0.0,RQI_DII_v1.0,frozen_confirmed_by_researcher,1,multi_issuer_ready_event_extension_source_verification_pending
USDT_BDO_ALIGNMENT_2022_08_18,USDT,non_USDC,ad_hoc,2022-08-18,ad_hoc_disclosure_process_change,1,0,P1,0,0,0,0,publication_date,,3,3,4,3,4,1,2.4967333333333332,1.087675,-1.4090583333333333,0.09645999999999955,-2.309175,-2.4056349999999997,2.4967333333333332,1.087675,-1.4090583333333333,1.1067,-0.08626,1.5656,-0.08626,0.0,0.0,0.0,RQI_DII_v1.0,frozen_confirmed_by_researcher,1,multi_issuer_ready_event_extension_source_verification_pending
USDT_BDO_ALIGNMENT_2022_08_18,USDT,non_USDC,ad_hoc,2022-08-18,ad_hoc_disclosure_process_change,1,0,P1,0,0,0,0,publication_date,,7,7,8,7,8,1,3.3020285714285715,0.9357875,-2.3662410714285715,1.4540114285714285,-1.434815,-2.8888264285714285,3.3020285714285715,0.5391125,-2.7629160714285717,1.1067,-0.08626,1.5656,-0.08626,0.0,0.0,0.0,RQI_DII_v1.0,frozen_confirmed_by_researcher,1,multi_issuer_ready_event_extension_source_verification_pending
USDT_BDO_ALIGNMENT_2022_08_18,USDT,non_USDC,ad_hoc,2022-08-18,ad_hoc_disclosure_process_change,1,0,P1,0,0,0,0,publication_date,,14,14,15,14,15,1,2.8097071428571434,0.7266600000000002,-2.083047142857143,0.8221957142857143,-1.4828386666666666,-2.305034380952381,2.8097071428571434,0.5151,-2.2946071428571435,1.1067,-0.08626,1.5677,-0.03486,0.0,0.0,0.0,RQI_DII_v1.0,frozen_confirmed_by_researcher,1,multi_issuer_ready_event_extension_source_verification_pending
USDT_Q1_2024_ATTESTATION_EPISODE,USDT,non_USDC,scheduled,2024-05-01,scheduled_assurance_or_reporting; scheduled_attestation_news_release,2,0,P0,0,0,0,1,official_news_release_publication_date,merge_pdf_report_and_news_release,3,3,4,3,4,1,8.203333333333333,6.83,-1.373333333333333,-3.601333333333333,-9.686,-6.084666666666667,-8.203333333333333,-1.83,6.373333333333333,2.33,-4.362,12.76,-4.362,0.0,0.0,0.0,RQI_DII_v1.0,frozen_confirmed_by_researcher,1,multi_issuer_ready_event_extension_source_verification_pending
USDT_Q1_2024_ATTESTATION_EPISODE,USDT,non_USDC,scheduled,2024-05-01,scheduled_assurance_or_reporting; scheduled_attestation_news_release,2,0,P0,0,0,0,1,official_news_release_publication_date,merge_pdf_report_and_news_release,7,7,8,7,8,1,6.405714285714287,5.97,-0.43571428571428683,-11.016857142857143,-9.22625,1.7906071428571426,-6.405714285714287,1.5300000000000002,7.935714285714287,2.33,-4.362,12.76,0.20400000000000063,0.0,0.0,0.0,RQI_DII_v1.0,frozen_confirmed_by_researcher,1,multi_issuer_ready_event_extension_source_verification_pending
USDT_Q1_2024_ATTESTATION_EPISODE,USDT,non_USDC,scheduled,2024-05-01,scheduled_assurance_or_reporting; scheduled_attestation_news_release,2,0,P0,0,0,0,1,official_news_release_publication_date,merge_pdf_report_and_news_release,14,14,15,14,15,1,5.397142857142858,4.21,-1.1871428571428577,-11.164571428571431,-8.9632,2.2013714285714308,-2.54,-0.2099999999999999,2.33,2.33,-4.362,12.76,0.20400000000000063,0.0,0.0,0.0,RQI_DII_v1.0,frozen_confirmed_by_researcher,1,multi_issuer_ready_event_extension_source_verification_pending
