event_id,stablecoin,issuer,event_date,publication_date,report_date,event_type,rule_version,rule_status,scheduled_flag,ad_hoc_flag,stress_regime_disclosure,market_stress_on_event_date,market_stress_types_on_event_date,pilot_rqi,pilot_dii,has_rqi,has_dii,manual_review_required,asset_extraction_confidence,publication_lag_days,previous_event_gap_days,next_event_gap_days,overlap_risk_7d_window,overlap_risk_14d_window,classification_status,provisional_reason,notes
USDC_ASSURANCE_2022_01,USDC,Circle,2022-02-25,2022-02-25,2022-01-31,monthly_assurance,RQI_DII_v1.0,frozen_confirmed_by_researcher,1,0,normal,0,normal,,0.6275,0,1,1,low,25,,34,0,0,rules_frozen_source_review_required,event_classification_and_source_expansion_pending,asset_extraction_low; rqi_missing
USDC_ASSURANCE_2022_02,USDC,Circle,2022-03-31,2022-03-31,2022-02-28,monthly_assurance,RQI_DII_v1.0,frozen_confirmed_by_researcher,1,0,normal,0,normal,,0.5675,0,1,1,low,31,34,29,0,0,rules_frozen_source_review_required,event_classification_and_source_expansion_pending,asset_extraction_low; rqi_missing
USDC_ASSURANCE_2022_03,USDC,Circle,2022-04-29,2022-04-29,2022-03-31,monthly_assurance,RQI_DII_v1.0,frozen_confirmed_by_researcher,1,0,normal,0,normal,,0.6275,0,1,1,low,29,29,24,0,1,rules_frozen_source_review_required,event_classification_and_source_expansion_pending,asset_extraction_low; rqi_missing
USDC_ASSURANCE_2022_04,USDC,Circle,2022-05-23,2022-05-23,2022-04-30,monthly_assurance,RQI_DII_v1.0,frozen_confirmed_by_researcher,1,0,normal,0,normal,,0.6275,0,1,1,low,23,24,66,0,1,rules_frozen_source_review_required,event_classification_and_source_expansion_pending,asset_extraction_low; rqi_missing
USDC_ASSURANCE_2022_06,USDC,Circle,2022-07-28,2022-07-28,2022-06-30,monthly_assurance,RQI_DII_v1.0,frozen_confirmed_by_researcher,1,0,normal,0,normal,,0.6275,0,1,1,low,28,66,27,0,1,rules_frozen_source_review_required,event_classification_and_source_expansion_pending,asset_extraction_low; rqi_missing
USDC_ASSURANCE_2022_07,USDC,Circle,2022-08-24,2022-08-24,2022-07-31,monthly_assurance,RQI_DII_v1.0,frozen_confirmed_by_researcher,1,0,normal,0,normal,0.9164,0.84,1,1,0,medium,24,27,30,0,1,rules_frozen_high_confidence,pilot_single_issuer_event_set,
USDC_ASSURANCE_2022_08,USDC,Circle,2022-09-23,2022-09-23,2022-08-31,monthly_assurance,RQI_DII_v1.0,frozen_confirmed_by_researcher,1,0,normal,0,normal,0.9245,0.84,1,1,0,medium,23,30,32,0,0,rules_frozen_high_confidence,pilot_single_issuer_event_set,
USDC_ASSURANCE_2022_09,USDC,Circle,2022-10-25,2022-10-25,2022-09-30,monthly_assurance,RQI_DII_v1.0,frozen_confirmed_by_researcher,1,0,normal,0,normal,0.9209,0.84,1,1,0,medium,25,32,28,0,1,rules_frozen_high_confidence,pilot_single_issuer_event_set,
USDC_ASSURANCE_2022_10,USDC,Circle,2022-11-22,2022-11-22,2022-10-31,monthly_assurance,RQI_DII_v1.0,frozen_confirmed_by_researcher,1,0,normal,0,normal,0.9225,0.84,1,1,0,medium,22,28,30,0,1,rules_frozen_high_confidence,pilot_single_issuer_event_set,
USDC_ASSURANCE_2022_11,USDC,Circle,2022-12-22,2022-12-22,2022-11-30,monthly_assurance,RQI_DII_v1.0,frozen_confirmed_by_researcher,1,0,normal,0,normal,0.9103,0.84,1,1,0,medium,22,30,34,0,0,rules_frozen_high_confidence,pilot_single_issuer_event_set,
USDC_ASSURANCE_2022_12,USDC,Circle,2023-01-25,2023-01-25,2022-12-31,monthly_assurance,RQI_DII_v1.0,frozen_confirmed_by_researcher,1,0,normal,0,normal,0.9136,0.84,1,1,0,medium,25,34,36,0,0,rules_frozen_high_confidence,pilot_single_issuer_event_set,
USDC_ASSURANCE_2023_01,USDC,Circle,2023-03-02,2023-03-02,2023-01-31,monthly_assurance,RQI_DII_v1.0,frozen_confirmed_by_researcher,1,0,normal,0,normal,0.9222,0.84,1,1,1,medium,3,36,28,0,1,rules_frozen_source_review_required,event_classification_and_source_expansion_pending,auditor_name_not_text_visible
USDC_ASSURANCE_2023_02,USDC,Circle,2023-03-30,2023-03-30,2023-02-28,monthly_assurance,RQI_DII_v1.0,frozen_confirmed_by_researcher,1,0,normal,0,normal,0.9147,0.84,1,1,1,medium,3,28,29,0,1,rules_frozen_source_review_required,event_classification_and_source_expansion_pending,auditor_name_not_text_visible
USDC_ASSURANCE_2023_03,USDC,Circle,2023-04-28,2023-04-28,2023-03-31,monthly_assurance,RQI_DII_v1.0,frozen_confirmed_by_researcher,1,0,banking_stress,0,normal,0.9349,0.84,1,1,1,medium,28,29,32,0,0,rules_frozen_source_review_required,event_classification_and_source_expansion_pending,auditor_name_not_text_visible
USDC_ASSURANCE_2023_04,USDC,Circle,2023-05-30,2023-05-30,2023-04-28,monthly_assurance,RQI_DII_v1.0,frozen_confirmed_by_researcher,1,0,banking_stress,0,normal,,0.78,0,1,1,low,32,32,31,0,0,rules_frozen_source_review_required,event_classification_and_source_expansion_pending,asset_extraction_low; auditor_name_not_text_visible; rqi_missing; components_exceed_total
USDC_ASSURANCE_2023_05,USDC,Circle,2023-06-30,2023-06-30,2023-05-31,monthly_assurance,RQI_DII_v1.0,frozen_confirmed_by_researcher,1,0,normal,0,normal,0.9359,0.69,1,1,1,low,3,31,28,0,1,rules_frozen_source_review_required,event_classification_and_source_expansion_pending,asset_extraction_low; auditor_name_not_text_visible
USDC_ASSURANCE_2023_06,USDC,Circle,2023-07-28,2023-07-28,2023-06-30,monthly_assurance,RQI_DII_v1.0,frozen_confirmed_by_researcher,1,0,normal,0,normal,0.9416,0.84,1,1,1,medium,28,28,33,0,1,rules_frozen_source_review_required,event_classification_and_source_expansion_pending,auditor_name_not_text_visible
USDC_ASSURANCE_2023_07,USDC,Circle,2023-08-30,2023-08-30,2023-07-31,monthly_assurance,RQI_DII_v1.0,frozen_confirmed_by_researcher,1,0,normal,0,normal,0.9439,0.84,1,1,1,medium,3,33,30,0,0,rules_frozen_source_review_required,event_classification_and_source_expansion_pending,auditor_name_not_text_visible
USDC_ASSURANCE_2023_08,USDC,Circle,2023-09-29,2023-09-29,2023-08-31,monthly_assurance,RQI_DII_v1.0,frozen_confirmed_by_researcher,1,0,normal,0,normal,0.9453,0.84,1,1,1,medium,29,30,31,0,0,rules_frozen_source_review_required,event_classification_and_source_expansion_pending,auditor_name_not_text_visible
USDC_ASSURANCE_2023_09,USDC,Circle,2023-10-30,2023-10-30,2023-09-29,monthly_assurance,RQI_DII_v1.0,frozen_confirmed_by_researcher,1,0,normal,0,normal,0.9488,0.78,1,1,1,medium,31,31,53,0,0,rules_frozen_source_review_required,event_classification_and_source_expansion_pending,auditor_name_not_text_visible
USDC_ASSURANCE_2023_11,USDC,Circle,2023-12-22,2023-12-22,2023-11-30,monthly_assurance,RQI_DII_v1.0,frozen_confirmed_by_researcher,1,0,normal,0,normal,0.9446,0.84,1,1,1,medium,22,53,69,0,0,rules_frozen_source_review_required,event_classification_and_source_expansion_pending,auditor_name_not_text_visible
USDC_ASSURANCE_2024_01,USDC,Circle,2024-02-29,2024-02-29,2024-01-31,monthly_assurance,RQI_DII_v1.0,frozen_confirmed_by_researcher,1,0,normal,0,normal,0.941,0.84,1,1,1,medium,29,69,180,0,0,rules_frozen_source_review_required,event_classification_and_source_expansion_pending,auditor_name_not_text_visible
USDC_ASSURANCE_2024_07,USDC,Circle,2024-08-27,2024-08-27,2024-07-31,monthly_assurance,RQI_DII_v1.0,frozen_confirmed_by_researcher,1,0,normal,0,normal,0.9404,0.84,1,1,1,medium,27,180,115,0,0,rules_frozen_source_review_required,event_classification_and_source_expansion_pending,auditor_name_not_text_visible
USDC_ASSURANCE_2024_11,USDC,Circle,2024-12-20,2024-12-20,2024-11-29,monthly_assurance,RQI_DII_v1.0,frozen_confirmed_by_researcher,1,0,normal,0,normal,0.9313,0.84,1,1,1,medium,21,115,,0,0,rules_frozen_source_review_required,event_classification_and_source_expansion_pending,auditor_name_not_text_visible
