event_id,linked_event_group,record_type,stablecoin,issuer,event_family,document_family,document_type,event_type,report_period,report_date,publication_date,event_date,event_date_basis,coverage_start,coverage_end,scheduled_flag,ad_hoc_flag,stress_regime,source_url,source_file_path,source_origin,source_status,attestor_or_provider,assurance_basis,rqi_available,dii_available,pilot_rqi,pilot_dii,inclusion_status,event_study_ready,coding_confidence,manual_review_required,priority,rule_version,rule_status,notes
BUSD_PAXOS_WINDDOWN_ANNOUNCEMENT_2023_02_13,BUSD_WINDDOWN_2023_02_13,event,BUSD,Paxos,ad_hoc_issuer_event,issuer_news_release,wind_down_announcement,halt_new_bUSD_issuance,BUSD wind-down,,2023-02-13,2023-02-13,publication_date,,,0,1,regulatory_issuer_stress,https://www.paxos.com/newsroom/paxos-will-halt-minting-new-busd-tokens,01_raw_sources/issuer_disclosures/PAXOS_USDP_PYUSD_BUSD/BUSD_PAXOS_WINDDOWN_ANNOUNCEMENT_2023_02_13__1__official_web_page.html,curated_primary_source_web,source_verified_for_descriptive_use,Paxos,issuer announcement; not an assurance report,0,0,,,event_ready,1,high,no,P0,RQI_DII_v1.0,frozen_confirmed_by_researcher,"Issuer-side companion to NYDFS event; critical ad hoc event for scheduled-vs-ad-hoc design. P2-G2: local archive linked on 2026-05-22; human source/date spotcheck still required before final inclusion. Source URL updated from prior URL to current official URL. P2-G4: source verified for descriptive/appendix/background use after P2-G3 local-file, checksum, text/date/identity/substance prechecks and researcher-reviewed source closure on 2026-05-22; not an inferential or causal-identification upgrade."
BUSD_REGULATORY_ORDER_NYDFS_2023_02_13,BUSD_WINDDOWN_2023_02_13,event,BUSD,Paxos/Binance,ad_hoc_regulatory_event,regulatory_notice,NYDFS_consumer_alert,cease_minting_order_or_related_regulatory_action,BUSD wind-down,,2023-02-13,2023-02-13,publication_date,,,0,1,regulatory_issuer_stress,https://www.dfs.ny.gov/consumers/alerts/Paxos_and_Binance,01_raw_sources/issuer_disclosures/PAXOS_USDP_PYUSD_BUSD/BUSD_REGULATORY_ORDER_NYDFS_2023_02_13__1__official_web_page.html,curated_primary_source_web,source_verified_for_descriptive_use,NYDFS,regulatory action; not an assurance report,0,0,,,event_ready,1,high,no,P0,RQI_DII_v1.0,frozen_confirmed_by_researcher,"Primary regulatory event for BUSD wind-down; pair with Paxos issuer announcement. P2-G2: local archive linked on 2026-05-22; human source/date spotcheck still required before final inclusion. P2-G4: source verified for descriptive/appendix/background use after P2-G3 local-file, checksum, text/date/identity/substance prechecks and researcher-reviewed source closure on 2026-05-22; not an inferential or causal-identification upgrade."
BUSD_STABLECOIN_REPORTING_2023_APRIL,BUSD_STABLECOIN_REPORTING_2023_APRIL,event,BUSD,Paxos,candidate_scheduled_or_reporting_event,stablecoin_reporting,issuer_self_report,candidate_disclosure_publication,April 2023,,,,pending_publication_date,,,1,0,regulatory_issuer_stress,https://paxos.com/wp-content/uploads/2023/04/BUSD-Daily-Stablecoin-Reporting-as-of-4.24.2023.pdf,,historical_report_register_v1,registered_not_downloaded,Paxos self-report,issuer self-report; attestation status pending source review,0,candidate,,,candidate_pending_publication_date,0,low,yes,P0,RQI_DII_v1.0,frozen_confirmed_by_researcher,BUSD wind-down period; daily report as of 2023-04-24 found via search result.
BUSD_STABLECOIN_REPORTING_2023_MARCH,BUSD_STABLECOIN_REPORTING_2023_MARCH,event,BUSD,Paxos,candidate_scheduled_or_reporting_event,stablecoin_reporting,issuer_self_report,candidate_disclosure_publication,March 2023,,,,pending_publication_date,,,1,0,regulatory_issuer_stress,https://paxos.com/wp-content/uploads/2023/03/BUSD-Daily-Stablecoin-Reporting-as-of-3.9.2023.pdf,,historical_report_register_v1,registered_not_downloaded,Paxos self-report,issuer self-report; attestation status pending source review,0,candidate,,,candidate_pending_publication_date,0,low,yes,P0,RQI_DII_v1.0,frozen_confirmed_by_researcher,BUSD wind-down period; daily report as of 2023-03-09 found via search result.
PYUSD_MONTHLY_HOLDINGS_2024_FEBRUARY,PYUSD_MONTHLY_HOLDINGS_2024_FEBRUARY,event,PYUSD,Paxos,candidate_scheduled_or_reporting_event,monthly_holdings,issuer_self_report,candidate_disclosure_publication,February 2024,,,,pending_publication_date,,,1,0,normal,https://paxos.com/wp-content/uploads/2024/03/PYUSD-Monthly-Stablecoin-Reporting-February-2024-PYUSD-Disclosure.pdf,,historical_report_register_v1,registered_not_downloaded,Paxos self-report,issuer self-report; attestation status pending source review,0,candidate,,,candidate_pending_publication_date,0,low,yes,P1,RQI_DII_v1.0,frozen_confirmed_by_researcher,Known Paxos PDF URL from search result references; direct shell download needs manual verification.
PYUSD_MONTHLY_HOLDINGS_2024_JANUARY,PYUSD_MONTHLY_HOLDINGS_2024_JANUARY,event,PYUSD,Paxos,candidate_scheduled_or_reporting_event,monthly_holdings,issuer_self_report,candidate_disclosure_publication,January 2024,,,,pending_publication_date,,,1,0,normal,https://paxos.com/wp-content/uploads/2024/02/PYUSD-Monthly-Stablecoin-Reporting-January-2024-PYUSD-Disclosure-1.pdf,,historical_report_register_v1,registered_not_downloaded,Paxos self-report,issuer self-report; attestation status pending source review,0,candidate,,,candidate_pending_publication_date,0,low,yes,P1,RQI_DII_v1.0,frozen_confirmed_by_researcher,Known Paxos PDF URL from search result and third-party references; direct shell download needs manual verification.
PYUSD_MONTHLY_HOLDINGS_2024_MARCH,PYUSD_MONTHLY_HOLDINGS_2024_MARCH,event,PYUSD,Paxos,candidate_scheduled_or_reporting_event,monthly_holdings,issuer_self_report,candidate_disclosure_publication,March 2024,,,,pending_publication_date,,,1,0,normal,https://paxos.com/wp-content/uploads/2024/04/PYUSD-Monthly-Stablecoin-Reporting-March-2024-PYUSD-Disclosure.pdf,,historical_report_register_v1,registered_not_downloaded,Paxos self-report,issuer self-report; attestation status pending source review,0,candidate,,,candidate_pending_publication_date,0,low,yes,P1,RQI_DII_v1.0,frozen_confirmed_by_researcher,Known Paxos PDF URL from search result references; direct shell download needs manual verification.
PYUSD_MONTHLY_HOLDINGS_2024_NOVEMBER,PYUSD_MONTHLY_HOLDINGS_2024_NOVEMBER,event,PYUSD,Paxos,candidate_scheduled_or_reporting_event,monthly_holdings,issuer_self_report,candidate_disclosure_publication,November 2024,,,,pending_publication_date,,,1,0,normal,https://paxos.com/wp-content/uploads/2024/12/PYUSD-Monthly-Stablecoin-Reporting-November-2024-PYUSD-Disclosure.pdf,,historical_report_register_v1,registered_not_downloaded,Paxos self-report,issuer self-report; attestation status pending source review,0,candidate,,,candidate_pending_publication_date,0,low,yes,P1,RQI_DII_v1.0,frozen_confirmed_by_researcher,Paxos PDF was visible in search result text; use as PYUSD extension sample after core USDC/USDP.
TUSD_DAILY_ATTESTATION_SERIES,TUSD_DAILY_ATTESTATION_SERIES,source_series,TUSD,TrueUSD,daily_attestation_series,transparency_page,daily_attestation_source,source_series_pending_sampling,ongoing,,,,pending_publication_date,,,1,0,normal,https://tusd.io/transparency,,curated_primary_source_web,official_landing_page_sampling_required,Moore Hong Kong,issuer describes daily independent third-party attestations,0,candidate,,,source_series_pending_sampling_rule,0,medium,yes,P1,RQI_DII_v1.0,frozen_confirmed_by_researcher,Daily frequency is analytically important but requires sampling or API-style extraction before event-study use.
USDC_ASSURANCE_2022_01,USDC_ASSURANCE_2022_01,event,USDC,Circle,scheduled_monthly_assurance,monthly_assurance,independent_accountants_report,scheduled_assurance_publication,2022-January,2022-01-31,2022-02-25,2022-02-25,publication_date,2022-01-31,2022-01-31,1,0,normal,see_historical_report_register_v1,01_raw_sources/issuer_disclosures/USDC/USDC_assurance_2022_January.pdf,local_usdc_pdf_extraction,downloaded_extracted,Grant Thornton LLP,AICPA attestation standards,0,1,,0.6275,event_ready,1,low,yes,P0,RQI_DII_v1.0,frozen_confirmed_by_researcher,asset_extraction_low; rqi_missing
USDC_ASSURANCE_2022_02,USDC_ASSURANCE_2022_02,event,USDC,Circle,scheduled_monthly_assurance,monthly_assurance,independent_accountants_report,scheduled_assurance_publication,2022-February,2022-02-28,2022-03-31,2022-03-31,publication_date,2022-02-28,2022-02-28,1,0,normal,see_historical_report_register_v1,01_raw_sources/issuer_disclosures/USDC/USDC_assurance_2022_February.pdf,local_usdc_pdf_extraction,downloaded_extracted,Grant Thornton LLP,AICPA attestation standards,0,1,,0.5675,event_ready,1,low,yes,P0,RQI_DII_v1.0,frozen_confirmed_by_researcher,asset_extraction_low; rqi_missing
USDC_ASSURANCE_2022_03,USDC_ASSURANCE_2022_03,event,USDC,Circle,scheduled_monthly_assurance,monthly_assurance,independent_accountants_report,scheduled_assurance_publication,2022-March,2022-03-31,2022-04-29,2022-04-29,publication_date,2022-03-31,2022-03-31,1,0,normal,see_historical_report_register_v1,01_raw_sources/issuer_disclosures/USDC/USDC_assurance_2022_March.pdf,local_usdc_pdf_extraction,downloaded_extracted,Grant Thornton LLP,AICPA attestation standards,0,1,,0.6275,event_ready,1,low,yes,P0,RQI_DII_v1.0,frozen_confirmed_by_researcher,asset_extraction_low; rqi_missing
USDC_ASSURANCE_2022_04,USDC_ASSURANCE_2022_04,event,USDC,Circle,scheduled_monthly_assurance,monthly_assurance,independent_accountants_report,scheduled_assurance_publication,2022-April,2022-04-30,2022-05-23,2022-05-23,publication_date,2022-04-30,2022-04-30,1,0,normal,see_historical_report_register_v1,01_raw_sources/issuer_disclosures/USDC/USDC_assurance_2022_April.pdf,local_usdc_pdf_extraction,downloaded_extracted,Grant Thornton LLP,AICPA attestation standards,0,1,,0.6275,event_ready,1,low,yes,P0,RQI_DII_v1.0,frozen_confirmed_by_researcher,asset_extraction_low; rqi_missing
USDC_ASSURANCE_2022_06,USDC_ASSURANCE_2022_06,event,USDC,Circle,scheduled_monthly_assurance,monthly_assurance,independent_accountants_report,scheduled_assurance_publication,2022-June,2022-06-30,2022-07-28,2022-07-28,publication_date,2022-06-30,2022-06-30,1,0,normal,see_historical_report_register_v1,01_raw_sources/issuer_disclosures/USDC/USDC_assurance_2022_June.pdf,local_usdc_pdf_extraction,downloaded_extracted,Grant Thornton LLP,AICPA attestation standards,0,1,,0.6275,event_ready,1,low,yes,P0,RQI_DII_v1.0,frozen_confirmed_by_researcher,asset_extraction_low; rqi_missing
USDC_ASSURANCE_2022_07,USDC_ASSURANCE_2022_07,event,USDC,Circle,scheduled_monthly_assurance,monthly_assurance,independent_accountants_report,scheduled_assurance_publication,2022-July,2022-07-31,2022-08-24,2022-08-24,publication_date,2022-07-31,2022-07-31,1,0,normal,see_historical_report_register_v1,01_raw_sources/issuer_disclosures/USDC/USDC_assurance_2022_July.pdf,local_usdc_pdf_extraction,downloaded_extracted,Grant Thornton LLP,AICPA attestation standards,1,1,0.9164,0.8400,event_ready,1,medium,no,P0,RQI_DII_v1.0,frozen_confirmed_by_researcher,
USDC_ASSURANCE_2022_08,USDC_ASSURANCE_2022_08,event,USDC,Circle,scheduled_monthly_assurance,monthly_assurance,independent_accountants_report,scheduled_assurance_publication,2022-August,2022-08-31,2022-09-23,2022-09-23,publication_date,2022-08-31,2022-08-31,1,0,normal,see_historical_report_register_v1,01_raw_sources/issuer_disclosures/USDC/USDC_assurance_2022_August.pdf,local_usdc_pdf_extraction,downloaded_extracted,Grant Thornton LLP,AICPA attestation standards,1,1,0.9245,0.8400,event_ready,1,medium,no,P0,RQI_DII_v1.0,frozen_confirmed_by_researcher,
USDC_ASSURANCE_2022_09,USDC_ASSURANCE_2022_09,event,USDC,Circle,scheduled_monthly_assurance,monthly_assurance,independent_accountants_report,scheduled_assurance_publication,2022-September,2022-09-30,2022-10-25,2022-10-25,publication_date,2022-09-30,2022-09-30,1,0,normal,see_historical_report_register_v1,01_raw_sources/issuer_disclosures/USDC/USDC_assurance_2022_September.pdf,local_usdc_pdf_extraction,downloaded_extracted,Grant Thornton LLP,AICPA attestation standards,1,1,0.9209,0.8400,event_ready,1,medium,no,P0,RQI_DII_v1.0,frozen_confirmed_by_researcher,
USDC_ASSURANCE_2022_10,USDC_ASSURANCE_2022_10,event,USDC,Circle,scheduled_monthly_assurance,monthly_assurance,independent_accountants_report,scheduled_assurance_publication,2022-October,2022-10-31,2022-11-22,2022-11-22,publication_date,2022-10-31,2022-10-31,1,0,normal,see_historical_report_register_v1,01_raw_sources/issuer_disclosures/USDC/USDC_assurance_2022_October.pdf,local_usdc_pdf_extraction,downloaded_extracted,Grant Thornton LLP,AICPA attestation standards,1,1,0.9225,0.8400,event_ready,1,medium,no,P0,RQI_DII_v1.0,frozen_confirmed_by_researcher,
USDC_ASSURANCE_2022_11,USDC_ASSURANCE_2022_11,event,USDC,Circle,scheduled_monthly_assurance,monthly_assurance,independent_accountants_report,scheduled_assurance_publication,2022-November,2022-11-30,2022-12-22,2022-12-22,publication_date,2022-11-30,2022-11-30,1,0,normal,see_historical_report_register_v1,01_raw_sources/issuer_disclosures/USDC/USDC_assurance_2022_November.pdf,local_usdc_pdf_extraction,downloaded_extracted,Grant Thornton LLP,AICPA attestation standards,1,1,0.9103,0.8400,event_ready,1,medium,no,P0,RQI_DII_v1.0,frozen_confirmed_by_researcher,
USDC_ASSURANCE_2022_12,USDC_ASSURANCE_2022_12,event,USDC,Circle,scheduled_monthly_assurance,monthly_assurance,independent_accountants_report,scheduled_assurance_publication,2022-December,2022-12-31,2023-01-25,2023-01-25,publication_date,2022-12-31,2022-12-31,1,0,normal,see_historical_report_register_v1,01_raw_sources/issuer_disclosures/USDC/USDC_assurance_2022_December.pdf,local_usdc_pdf_extraction,downloaded_extracted,Grant Thornton LLP,AICPA attestation standards,1,1,0.9136,0.8400,event_ready,1,medium,no,P0,RQI_DII_v1.0,frozen_confirmed_by_researcher,
USDC_ASSURANCE_2023_01,USDC_ASSURANCE_2023_01,event,USDC,Circle,scheduled_monthly_assurance,monthly_assurance,independent_accountants_report,scheduled_assurance_publication,2023-January,2023-01-31,2023-03-02,2023-03-02,publication_date,2023-01-31,2023-01-31,1,0,normal,see_historical_report_register_v1,01_raw_sources/issuer_disclosures/USDC/USDC_assurance_2023_January.pdf,local_usdc_pdf_extraction,downloaded_extracted,Big Four accounting firm per Circle transparency page; manual PDF-name verification required,AICPA attestation standards,1,1,0.9222,0.8400,event_ready,1,medium,yes,P0,RQI_DII_v1.0,frozen_confirmed_by_researcher,auditor_name_not_text_visible
USDC_ASSURANCE_2023_02,USDC_ASSURANCE_2023_02,event,USDC,Circle,scheduled_monthly_assurance,monthly_assurance,independent_accountants_report,scheduled_assurance_publication,2023-February,2023-02-28,2023-03-30,2023-03-30,publication_date,2023-02-28,2023-02-28,1,0,normal,see_historical_report_register_v1,01_raw_sources/issuer_disclosures/USDC/USDC_assurance_2023_February.pdf,local_usdc_pdf_extraction,downloaded_extracted,Big Four accounting firm per Circle transparency page; manual PDF-name verification required,AICPA attestation standards,1,1,0.9147,0.8400,event_ready,1,medium,yes,P0,RQI_DII_v1.0,frozen_confirmed_by_researcher,auditor_name_not_text_visible
USDC_ASSURANCE_2023_03,USDC_ASSURANCE_2023_03,event,USDC,Circle,scheduled_monthly_assurance,monthly_assurance,independent_accountants_report,scheduled_assurance_publication,2023-March,2023-03-31,2023-04-28,2023-04-28,publication_date,2023-03-31,2023-03-31,1,0,banking_stress,see_historical_report_register_v1,01_raw_sources/issuer_disclosures/USDC/USDC_assurance_2023_March.pdf,local_usdc_pdf_extraction,downloaded_extracted,Big Four accounting firm per Circle transparency page; manual PDF-name verification required,AICPA attestation standards,1,1,0.9349,0.8400,event_ready,1,medium,yes,P0,RQI_DII_v1.0,frozen_confirmed_by_researcher,auditor_name_not_text_visible
USDC_ASSURANCE_2023_04,USDC_ASSURANCE_2023_04,event,USDC,Circle,scheduled_monthly_assurance,monthly_assurance,independent_accountants_report,scheduled_assurance_publication,2023-April,2023-04-28,2023-05-30,2023-05-30,publication_date,2023-04-28,2023-04-28,1,0,banking_stress,see_historical_report_register_v1,01_raw_sources/issuer_disclosures/USDC/USDC_assurance_2023_April.pdf,local_usdc_pdf_extraction,downloaded_extracted,Big Four accounting firm per Circle transparency page; manual PDF-name verification required,AICPA attestation standards,0,1,,0.7800,event_ready,1,low,yes,P0,RQI_DII_v1.0,frozen_confirmed_by_researcher,asset_extraction_low; auditor_name_not_text_visible; rqi_missing; components_exceed_total
USDC_ASSURANCE_2023_05,USDC_ASSURANCE_2023_05,event,USDC,Circle,scheduled_monthly_assurance,monthly_assurance,independent_accountants_report,scheduled_assurance_publication,2023-May,2023-05-31,2023-06-30,2023-06-30,publication_date,2023-05-31,2023-05-31,1,0,normal,see_historical_report_register_v1,01_raw_sources/issuer_disclosures/USDC/USDC_assurance_2023_May.pdf,local_usdc_pdf_extraction,downloaded_extracted,Big Four accounting firm per Circle transparency page; manual PDF-name verification required,AICPA attestation standards,1,1,0.9359,0.6900,event_ready,1,low,yes,P0,RQI_DII_v1.0,frozen_confirmed_by_researcher,asset_extraction_low; auditor_name_not_text_visible
USDC_ASSURANCE_2023_06,USDC_ASSURANCE_2023_06,event,USDC,Circle,scheduled_monthly_assurance,monthly_assurance,independent_accountants_report,scheduled_assurance_publication,2023-June,2023-06-30,2023-07-28,2023-07-28,publication_date,2023-06-30,2023-06-30,1,0,normal,see_historical_report_register_v1,01_raw_sources/issuer_disclosures/USDC/USDC_assurance_2023_June.pdf,local_usdc_pdf_extraction,downloaded_extracted,Big Four accounting firm per Circle transparency page; manual PDF-name verification required,AICPA attestation standards,1,1,0.9416,0.8400,event_ready,1,medium,yes,P0,RQI_DII_v1.0,frozen_confirmed_by_researcher,auditor_name_not_text_visible
USDC_ASSURANCE_2023_07,USDC_ASSURANCE_2023_07,event,USDC,Circle,scheduled_monthly_assurance,monthly_assurance,independent_accountants_report,scheduled_assurance_publication,2023-July,2023-07-31,2023-08-30,2023-08-30,publication_date,2023-07-31,2023-07-31,1,0,normal,see_historical_report_register_v1,01_raw_sources/issuer_disclosures/USDC/USDC_assurance_2023_July.pdf,local_usdc_pdf_extraction,downloaded_extracted,Big Four accounting firm per Circle transparency page; manual PDF-name verification required,AICPA attestation standards,1,1,0.9439,0.8400,event_ready,1,medium,yes,P0,RQI_DII_v1.0,frozen_confirmed_by_researcher,auditor_name_not_text_visible
USDC_ASSURANCE_2023_08,USDC_ASSURANCE_2023_08,event,USDC,Circle,scheduled_monthly_assurance,monthly_assurance,independent_accountants_report,scheduled_assurance_publication,2023-August,2023-08-31,2023-09-29,2023-09-29,publication_date,2023-08-31,2023-08-31,1,0,normal,see_historical_report_register_v1,01_raw_sources/issuer_disclosures/USDC/USDC_assurance_2023_August.pdf,local_usdc_pdf_extraction,downloaded_extracted,Big Four accounting firm per Circle transparency page; manual PDF-name verification required,AICPA attestation standards,1,1,0.9453,0.8400,event_ready,1,medium,yes,P0,RQI_DII_v1.0,frozen_confirmed_by_researcher,auditor_name_not_text_visible
USDC_ASSURANCE_2023_09,USDC_ASSURANCE_2023_09,event,USDC,Circle,scheduled_monthly_assurance,monthly_assurance,independent_accountants_report,scheduled_assurance_publication,2023-September,2023-09-29,2023-10-30,2023-10-30,publication_date,2023-09-29,2023-09-29,1,0,normal,see_historical_report_register_v1,01_raw_sources/issuer_disclosures/USDC/USDC_assurance_2023_September.pdf,local_usdc_pdf_extraction,downloaded_extracted,Big Four accounting firm per Circle transparency page; manual PDF-name verification required,AICPA attestation standards,1,1,0.9488,0.7800,event_ready,1,medium,yes,P0,RQI_DII_v1.0,frozen_confirmed_by_researcher,auditor_name_not_text_visible
USDC_ASSURANCE_2023_11,USDC_ASSURANCE_2023_11,event,USDC,Circle,scheduled_monthly_assurance,monthly_assurance,independent_accountants_report,scheduled_assurance_publication,2023-November,2023-11-30,2023-12-22,2023-12-22,publication_date,2023-11-30,2023-11-30,1,0,normal,see_historical_report_register_v1,01_raw_sources/issuer_disclosures/USDC/USDC_assurance_2023_November.pdf,local_usdc_pdf_extraction,downloaded_extracted,Big Four accounting firm per Circle transparency page; manual PDF-name verification required,AICPA attestation standards,1,1,0.9446,0.8400,event_ready,1,medium,yes,P0,RQI_DII_v1.0,frozen_confirmed_by_researcher,auditor_name_not_text_visible
USDC_ASSURANCE_2024_01,USDC_ASSURANCE_2024_01,event,USDC,Circle,scheduled_monthly_assurance,monthly_assurance,independent_accountants_report,scheduled_assurance_publication,2024-January,2024-01-31,2024-02-29,2024-02-29,publication_date,2024-01-31,2024-01-31,1,0,normal,see_historical_report_register_v1,01_raw_sources/issuer_disclosures/USDC/USDC_assurance_2024_January.pdf,local_usdc_pdf_extraction,downloaded_extracted,Big Four accounting firm per Circle transparency page; manual PDF-name verification required,AICPA attestation standards,1,1,0.9410,0.8400,event_ready,1,medium,yes,P0,RQI_DII_v1.0,frozen_confirmed_by_researcher,auditor_name_not_text_visible
USDC_ASSURANCE_2024_07,USDC_ASSURANCE_2024_07,event,USDC,Circle,scheduled_monthly_assurance,monthly_assurance,independent_accountants_report,scheduled_assurance_publication,2024-July,2024-07-31,2024-08-27,2024-08-27,publication_date,2024-07-31,2024-07-31,1,0,normal,see_historical_report_register_v1,01_raw_sources/issuer_disclosures/USDC/USDC_assurance_2024_July.pdf,local_usdc_pdf_extraction,downloaded_extracted,Big Four accounting firm per Circle transparency page; manual PDF-name verification required,AICPA attestation standards,1,1,0.9404,0.8400,event_ready,1,medium,yes,P0,RQI_DII_v1.0,frozen_confirmed_by_researcher,auditor_name_not_text_visible
USDC_ASSURANCE_2024_11,USDC_ASSURANCE_2024_11,event,USDC,Circle,scheduled_monthly_assurance,monthly_assurance,independent_accountants_report,scheduled_assurance_publication,2024-November,2024-11-29,2024-12-20,2024-12-20,publication_date,2024-11-29,2024-11-29,1,0,normal,see_historical_report_register_v1,01_raw_sources/issuer_disclosures/USDC/USDC_assurance_2024_November.pdf,local_usdc_pdf_extraction,downloaded_extracted,Big Four accounting firm per Circle transparency page; manual PDF-name verification required,AICPA attestation standards,1,1,0.9313,0.8400,event_ready,1,medium,yes,P0,RQI_DII_v1.0,frozen_confirmed_by_researcher,auditor_name_not_text_visible
USDC_ASSURANCE_2022_05,USDC_ASSURANCE_2022_05,event,USDC,Circle,scheduled_monthly_assurance,monthly_assurance,independent_accountants_report,scheduled_assurance_publication,2022-May,,,,pending_publication_date,,,1,0,normal,see_historical_report_register_v1,01_raw_sources/issuer_disclosures/USDC/USDC_assurance_2022_May.pdf,local_usdc_pdf_extraction,downloaded_extracted,Grant Thornton LLP,AICPA attestation standards,0,0,,,excluded_missing_publication_date,0,low,yes,P0,RQI_DII_v1.0,frozen_confirmed_by_researcher,no_report_date; asset_extraction_low; rqi_missing
USDC_ASSURANCE_2023_10,USDC_ASSURANCE_2023_10,event,USDC,Circle,scheduled_monthly_assurance,monthly_assurance,independent_accountants_report,scheduled_assurance_publication,2023-October,2023-10-31,,,pending_publication_date,2023-10-31,2023-10-31,1,0,normal,see_historical_report_register_v1,01_raw_sources/issuer_disclosures/USDC/USDC_assurance_2023_October.pdf,local_usdc_pdf_extraction,downloaded_extracted,Big Four accounting firm per Circle transparency page; manual PDF-name verification required,AICPA attestation standards,1,0,0.9492,,excluded_missing_publication_date,0,medium,yes,P0,RQI_DII_v1.0,frozen_confirmed_by_researcher,no_publication_date; auditor_name_not_text_visible
USDC_ASSURANCE_2023_12,USDC_ASSURANCE_2023_12,event,USDC,Circle,scheduled_monthly_assurance,monthly_assurance,independent_accountants_report,scheduled_assurance_publication,2023-December,2023-12-29,,,pending_publication_date,2023-12-29,2023-12-29,1,0,normal,see_historical_report_register_v1,01_raw_sources/issuer_disclosures/USDC/USDC_assurance_2023_December.pdf,local_usdc_pdf_extraction,downloaded_extracted,Big Four accounting firm per Circle transparency page; manual PDF-name verification required,AICPA attestation standards,1,0,0.9422,,excluded_missing_publication_date,0,medium,yes,P0,RQI_DII_v1.0,frozen_confirmed_by_researcher,no_publication_date; auditor_name_not_text_visible
USDC_ASSURANCE_2024_02,USDC_ASSURANCE_2024_02,event,USDC,Circle,scheduled_monthly_assurance,monthly_assurance,independent_accountants_report,scheduled_assurance_publication,2024-February,2024-02-29,,,pending_publication_date,2024-02-29,2024-02-29,1,0,normal,see_historical_report_register_v1,01_raw_sources/issuer_disclosures/USDC/USDC_assurance_2024_February.pdf,local_usdc_pdf_extraction,downloaded_extracted,Big Four accounting firm per Circle transparency page; manual PDF-name verification required,AICPA attestation standards,1,0,0.9381,,excluded_missing_publication_date,0,medium,yes,P0,RQI_DII_v1.0,frozen_confirmed_by_researcher,no_publication_date; auditor_name_not_text_visible
USDC_ASSURANCE_2024_03,USDC_ASSURANCE_2024_03,event,USDC,Circle,scheduled_monthly_assurance,monthly_assurance,independent_accountants_report,scheduled_assurance_publication,2024-March,2024-03-29,,,pending_publication_date,2024-03-29,2024-03-29,1,0,normal,see_historical_report_register_v1,01_raw_sources/issuer_disclosures/USDC/USDC_assurance_2024_March.pdf,local_usdc_pdf_extraction,downloaded_extracted,Big Four accounting firm per Circle transparency page; manual PDF-name verification required,AICPA attestation standards,1,0,0.9365,,excluded_missing_publication_date,0,medium,yes,P0,RQI_DII_v1.0,frozen_confirmed_by_researcher,no_publication_date; auditor_name_not_text_visible
USDC_ASSURANCE_2024_04,USDC_ASSURANCE_2024_04,event,USDC,Circle,scheduled_monthly_assurance,monthly_assurance,independent_accountants_report,scheduled_assurance_publication,2024-April,2024-04-30,,,pending_publication_date,2024-04-30,2024-04-30,1,0,normal,see_historical_report_register_v1,01_raw_sources/issuer_disclosures/USDC/USDC_assurance_2024_April.pdf,local_usdc_pdf_extraction,downloaded_extracted,Big Four accounting firm per Circle transparency page; manual PDF-name verification required,AICPA attestation standards,1,0,0.9420,,excluded_missing_publication_date,0,medium,yes,P0,RQI_DII_v1.0,frozen_confirmed_by_researcher,no_publication_date; auditor_name_not_text_visible
USDC_ASSURANCE_2024_05,USDC_ASSURANCE_2024_05,event,USDC,Circle,scheduled_monthly_assurance,monthly_assurance,independent_accountants_report,scheduled_assurance_publication,2024-May,2024-05-31,,,pending_publication_date,2024-05-31,2024-05-31,1,0,normal,see_historical_report_register_v1,01_raw_sources/issuer_disclosures/USDC/USDC_assurance_2024_May.pdf,local_usdc_pdf_extraction,downloaded_extracted,Big Four accounting firm per Circle transparency page; manual PDF-name verification required,AICPA attestation standards,1,0,0.9401,,excluded_missing_publication_date,0,medium,yes,P0,RQI_DII_v1.0,frozen_confirmed_by_researcher,no_publication_date; auditor_name_not_text_visible
USDC_ASSURANCE_2024_06,USDC_ASSURANCE_2024_06,event,USDC,Circle,scheduled_monthly_assurance,monthly_assurance,independent_accountants_report,scheduled_assurance_publication,2024-June,2024-06-28,,,pending_publication_date,2024-06-28,2024-06-28,1,0,normal,see_historical_report_register_v1,01_raw_sources/issuer_disclosures/USDC/USDC_assurance_2024_June.pdf,local_usdc_pdf_extraction,downloaded_extracted,Big Four accounting firm per Circle transparency page; manual PDF-name verification required,AICPA attestation standards,1,0,0.9388,,excluded_missing_publication_date,0,medium,yes,P0,RQI_DII_v1.0,frozen_confirmed_by_researcher,no_publication_date; auditor_name_not_text_visible
USDC_ASSURANCE_2024_08,USDC_ASSURANCE_2024_08,event,USDC,Circle,scheduled_monthly_assurance,monthly_assurance,independent_accountants_report,scheduled_assurance_publication,2024-August,2024-08-30,,,pending_publication_date,2024-08-30,2024-08-30,1,0,normal,see_historical_report_register_v1,01_raw_sources/issuer_disclosures/USDC/USDC_assurance_2024_August.pdf,local_usdc_pdf_extraction,downloaded_extracted,Big Four accounting firm per Circle transparency page; manual PDF-name verification required,AICPA attestation standards,1,0,0.9389,,excluded_missing_publication_date,0,medium,yes,P0,RQI_DII_v1.0,frozen_confirmed_by_researcher,no_publication_date; auditor_name_not_text_visible
USDC_ASSURANCE_2024_09,USDC_ASSURANCE_2024_09,event,USDC,Circle,scheduled_monthly_assurance,monthly_assurance,independent_accountants_report,scheduled_assurance_publication,2024-September,2024-09-30,,,pending_publication_date,2024-09-30,2024-09-30,1,0,normal,see_historical_report_register_v1,01_raw_sources/issuer_disclosures/USDC/USDC_assurance_2024_September.pdf,local_usdc_pdf_extraction,downloaded_extracted,Big Four accounting firm per Circle transparency page; manual PDF-name verification required,AICPA attestation standards,1,0,0.9379,,excluded_missing_publication_date,0,medium,yes,P0,RQI_DII_v1.0,frozen_confirmed_by_researcher,no_publication_date; auditor_name_not_text_visible
USDC_ASSURANCE_2024_10,USDC_ASSURANCE_2024_10,event,USDC,Circle,scheduled_monthly_assurance,monthly_assurance,independent_accountants_report,scheduled_assurance_publication,2024-October,2024-10-31,,,pending_publication_date,2024-10-31,2024-10-31,1,0,normal,see_historical_report_register_v1,01_raw_sources/issuer_disclosures/USDC/USDC_assurance_2024_October.pdf,local_usdc_pdf_extraction,downloaded_extracted,Big Four accounting firm per Circle transparency page; manual PDF-name verification required,AICPA attestation standards,1,0,0.9368,,excluded_missing_publication_date,0,medium,yes,P0,RQI_DII_v1.0,frozen_confirmed_by_researcher,no_publication_date; auditor_name_not_text_visible
USDC_ASSURANCE_2024_12,USDC_ASSURANCE_2024_12,event,USDC,Circle,scheduled_monthly_assurance,monthly_assurance,independent_accountants_report,scheduled_assurance_publication,2024-December,2024-12-31,,,pending_publication_date,2024-12-31,2024-12-31,1,0,normal,see_historical_report_register_v1,01_raw_sources/issuer_disclosures/USDC/USDC_assurance_2024_December.pdf,local_usdc_pdf_extraction,downloaded_extracted,Big Four accounting firm per Circle transparency page; manual PDF-name verification required,AICPA attestation standards,1,0,0.9337,,excluded_missing_publication_date,0,medium,yes,P0,RQI_DII_v1.0,frozen_confirmed_by_researcher,no_publication_date; auditor_name_not_text_visible
USDC_WEEKLY_DISCLOSURE_SERIES,USDC_WEEKLY_DISCLOSURE_SERIES,source_series,USDC,Circle,weekly_reserve_and_flow_disclosure_series,transparency_page,weekly_reserve_holdings_and_mint_burn_flows,source_series_pending_sampling,ongoing,,,,pending_publication_date,,,1,0,normal,https://www.circle.com/transparency,,curated_primary_source_web,official_landing_page_sampling_required,Circle,issuer weekly disclosure; separate from monthly third-party assurance,0,candidate,,,source_series_pending_sampling_rule,0,medium,yes,P1,RQI_DII_v1.0,frozen_confirmed_by_researcher,Frozen rule D005 requires weekly disclosures to be treated as separate events rather than folded into monthly DII.
USDP_MONTHLY_HOLDINGS_REPORT_JUNE_2024_2024_07_01,USDP_MONTHLY_HOLDINGS_REPORT_JUNE_2024_2024_07_01,event,USDP,Paxos,scheduled_monthly_holdings,monthly_holdings_report,monthly_holdings_report,scheduled_monthly_holdings,June 2024,2024-06-28,2024-07-01,2024-07-01,publication_date,2024-06-28,2024-06-28,1,0,normal,https://paxos.com/wp-content/uploads/2024/07/USDP-Monthly-Stablecoin-Reporting-June-2024-USDP-Disclosure.pdf,,issuer_report_index_v1,registered_primary_source_archive_pending,Paxos self-report,Unaudited monthly stablecoin reporting,0,candidate,,,event_ready,1,high,yes,P0,RQI_DII_v1.0,frozen_confirmed_by_researcher,"Report states unaudited holdings for June 28 2024 at 5pm EST; publication date inferred from July 2024 URL and 5-business-day policy, needs manual confirmation."
USDT_ASSURANCE_PROVIDER_CHANGE_2022_08_18,USDT_BDO_ALIGNMENT_2022_08_18,event,USDT,Tether,ad_hoc_disclosure_process_change,issuer_news_release,provider_change_announcement,assurance_provider_change,ongoing,,2022-08-18,2022-08-18,publication_date,,,0,1,normal,https://tether.io/news/tether-announces-alignment-with-top-five-accounting-firm-and-confirms-attestations-will-now-be-completed-by-bdo-italia/,01_raw_sources/issuer_disclosures/USDT/USDT_ASSURANCE_PROVIDER_CHANGE_2022_08_18__1__official_web_page.html,curated_primary_source_web,source_verified_for_descriptive_use,BDO Italia S.p.A.,issuer announcement of assurance provider alignment,0,candidate,,,event_ready,1,medium,no,P1,RQI_DII_v1.0,frozen_confirmed_by_researcher,"Ad hoc disclosure-process event; useful for DII/provider timeline, not RQI composition. P2-G2: local archive linked on 2026-05-22; human source/date spotcheck still required before final inclusion. P2-G4: source verified for descriptive/appendix/background use after P2-G3 local-file, checksum, text/date/identity/substance prechecks and researcher-reviewed source closure on 2026-05-22; not an inferential or causal-identification upgrade."
USDT_ASSURANCE_REPORT_Q1_2024_2024_04_30,USDT_ASSURANCE_REPORT_Q1_2024_2024_04_30,event,USDT,Tether,scheduled_assurance_or_reporting,assurance_report,assurance_report,scheduled_assurance_or_reporting,Q1 2024,2024-03-31,2024-04-30,2024-04-30,publication_date,2024-01-01,2024-03-31,1,0,normal,https://assets.ctfassets.net/vyse88cgwfbl/2JwUN6EeDvWi02CyuQd2nJ/d7b3b4c3800ec70abd7282cc79fa2973/ISAE_3000R_-_Opinion_on_Consolidated_Financials_Figures_and_Reserves_Report_31.03.2024_RC134792024BD0043.pdf,01_raw_sources/issuer_disclosures/USDT/USDT_ASSURANCE_REPORT_Q1_2024_2024_04_30__1__official_pdf.pdf,issuer_report_index_v1,source_verified_for_descriptive_use,BDO Italia S.p.A.,ISAE 3000 Revised,0,candidate,,,event_ready,1,high,no,P0,RQI_DII_v1.0,frozen_confirmed_by_researcher,"Report is as of 31 March 2024 at 11:59 PM UTC; asset categories include T-bills, reverse repos, MMFs, cash/bank deposits, corporate bonds, precious metals, Bitcoin, other investments, secured loans. P2-G2: local archive linked on 2026-05-22; human source/date spotcheck still required before final inclusion. P2-G4: source verified for descriptive/appendix/background use after P2-G3 local-file, checksum, text/date/identity/substance prechecks and researcher-reviewed source closure on 2026-05-22; not an inferential or causal-identification upgrade."
USDT_NEWS_RELEASE_Q1_2024_2024_05_01,USDT_NEWS_RELEASE_Q1_2024_2024_05_01,event,USDT,Tether,scheduled_attestation_news_release,news_release,news_release,scheduled_attestation_news_release,Q1 2024,2024-03-31,2024-05-01,2024-05-01,publication_date,2024-01-01,2024-03-31,1,0,normal,https://tether.io/news/tether-releases-q1-2024-attestation-reports-record-breaking-4-52-billion-profit-highest-treasury-bill-ownership-percentage-ever-total-group-equity-of-11-37-billion/,01_raw_sources/issuer_disclosures/USDT/USDT_NEWS_RELEASE_Q1_2024_2024_05_01__1__official_web_page.html,issuer_report_index_v1,source_verified_for_descriptive_use,Tether; BDO Italia S.p.A.,issuer news release referencing assurance report,0,candidate,,,event_ready,1,medium,no,P0,RQI_DII_v1.0,frozen_confirmed_by_researcher,"Use as publication/news timestamp and cross-reference to the PDF report; do not code asset composition from news release if PDF is available. P2-G2: local archive linked on 2026-05-22; human source/date spotcheck still required before final inclusion. P2-G4: source verified for descriptive/appendix/background use after P2-G3 local-file, checksum, text/date/identity/substance prechecks and researcher-reviewed source closure on 2026-05-22; not an inferential or causal-identification upgrade."
