model_run_id,model_family,sample_id,rqi_profile,outcome,n,k,rule_version,rule_status,provisional_flag,provisional_reason,start_date,end_date,y_mean,y_sd,r2,adj_r2,status
absdev_rqi_dii__primary_path_b__all_rows_with_variant,absdev_rqi_dii,all_rows_with_variant,primary_path_b,abs_peg_dev_bps,826,8,RQI_DII_v1.0,frozen_confirmed_by_researcher,1,robustness_pilot_pending_multi_issuer_source_expansion,2022-08-24,2024-12-31,6.071721307506053,16.28749767642561,0.0932846836579051,0.08552550613419518,estimated
tail50_rqi_dii_lpm__primary_path_b__all_rows_with_variant,tail50_rqi_dii_lpm,all_rows_with_variant,primary_path_b,tail_depeg_50bp_pct,826,8,RQI_DII_v1.0,frozen_confirmed_by_researcher,1,robustness_pilot_pending_multi_issuer_source_expansion,2022-08-24,2024-12-31,0.9685230024213075,9.799516475274034,0.025454696365405316,0.017115066627700903,estimated
absdev_stress_interaction__primary_path_b__all_rows_with_variant,absdev_stress_interaction,all_rows_with_variant,primary_path_b,abs_peg_dev_bps,826,10,RQI_DII_v1.0,frozen_confirmed_by_researcher,1,robustness_pilot_pending_multi_issuer_source_expansion,2022-08-24,2024-12-31,6.071721307506053,16.28749767642561,0.1940863480264604,0.18519759451204632,estimated
absdev_rqi_dii__primary_path_b__rqi_available,absdev_rqi_dii,rqi_available,primary_path_b,abs_peg_dev_bps,826,8,RQI_DII_v1.0,frozen_confirmed_by_researcher,1,robustness_pilot_pending_multi_issuer_source_expansion,2022-08-24,2024-12-31,6.071721307506053,16.28749767642561,0.0932846836579051,0.08552550613419518,estimated
tail50_rqi_dii_lpm__primary_path_b__rqi_available,tail50_rqi_dii_lpm,rqi_available,primary_path_b,tail_depeg_50bp_pct,826,8,RQI_DII_v1.0,frozen_confirmed_by_researcher,1,robustness_pilot_pending_multi_issuer_source_expansion,2022-08-24,2024-12-31,0.9685230024213075,9.799516475274034,0.025454696365405316,0.017115066627700903,estimated
absdev_stress_interaction__primary_path_b__rqi_available,absdev_stress_interaction,rqi_available,primary_path_b,abs_peg_dev_bps,826,10,RQI_DII_v1.0,frozen_confirmed_by_researcher,1,robustness_pilot_pending_multi_issuer_source_expansion,2022-08-24,2024-12-31,6.071721307506053,16.28749767642561,0.1940863480264604,0.18519759451204632,estimated
absdev_rqi_dii__primary_path_b__manual_review_free,absdev_rqi_dii,manual_review_free,primary_path_b,abs_peg_dev_bps,190,6,RQI_DII_v1.0,frozen_confirmed_by_researcher,1,robustness_pilot_pending_multi_issuer_source_expansion,2022-08-24,2023-03-01,0.7674731578947369,1.3983326217019685,0.19298614571954187,0.17105642141844246,estimated
tail50_rqi_dii_lpm__primary_path_b__manual_review_free,tail50_rqi_dii_lpm,manual_review_free,primary_path_b,tail_depeg_50bp_pct,190,6,RQI_DII_v1.0,frozen_confirmed_by_researcher,1,robustness_pilot_pending_multi_issuer_source_expansion,2022-08-24,2023-03-01,0.0,0.0,,,estimated
absdev_stress_interaction__primary_path_b__manual_review_free,absdev_stress_interaction,manual_review_free,primary_path_b,abs_peg_dev_bps,190,8,RQI_DII_v1.0,frozen_confirmed_by_researcher,1,robustness_pilot_pending_multi_issuer_source_expansion,2022-08-24,2023-03-01,0.7674731578947369,1.3983326217019685,0.1929861457195422,0.16194715132413995,estimated
absdev_rqi_dii__primary_path_b__non_stress_rows,absdev_rqi_dii,non_stress_rows,primary_path_b,abs_peg_dev_bps,800,7,RQI_DII_v1.0,frozen_confirmed_by_researcher,1,robustness_pilot_pending_multi_issuer_source_expansion,2022-08-24,2024-12-31,5.3323431249999995,8.647708397119132,0.08156803723086414,0.0746189933763689,estimated
tail50_rqi_dii_lpm__primary_path_b__non_stress_rows,tail50_rqi_dii_lpm,non_stress_rows,primary_path_b,tail_depeg_50bp_pct,800,7,RQI_DII_v1.0,frozen_confirmed_by_researcher,1,robustness_pilot_pending_multi_issuer_source_expansion,2022-08-24,2024-12-31,0.75,8.633114347045419,0.012332159179760938,0.004859262527905361,estimated
absdev_stress_interaction__primary_path_b__non_stress_rows,absdev_stress_interaction,non_stress_rows,primary_path_b,abs_peg_dev_bps,800,7,RQI_DII_v1.0,frozen_confirmed_by_researcher,1,robustness_pilot_pending_multi_issuer_source_expansion,2022-08-24,2024-12-31,5.3323431249999995,8.647708397119132,0.08156803723086414,0.0746189933763689,estimated
absdev_rqi_dii__primary_path_b__stress_rows_diagnostic,absdev_rqi_dii,stress_rows_diagnostic,primary_path_b,abs_peg_dev_bps,26,5,RQI_DII_v1.0,frozen_confirmed_by_researcher,1,robustness_pilot_pending_multi_issuer_source_expansion,2022-11-06,2023-03-20,28.82181923076923,76.21352596068506,0.20156478536207278,0.049481887335800834,estimated
tail50_rqi_dii_lpm__primary_path_b__stress_rows_diagnostic,tail50_rqi_dii_lpm,stress_rows_diagnostic,primary_path_b,tail_depeg_50bp_pct,26,5,RQI_DII_v1.0,frozen_confirmed_by_researcher,1,robustness_pilot_pending_multi_issuer_source_expansion,2022-11-06,2023-03-20,7.6923076923076925,27.1746488194703,0.2333497037919593,0.08732107594280858,estimated
absdev_stress_interaction__primary_path_b__stress_rows_diagnostic,absdev_stress_interaction,stress_rows_diagnostic,primary_path_b,abs_peg_dev_bps,26,6,RQI_DII_v1.0,frozen_confirmed_by_researcher,1,robustness_pilot_pending_multi_issuer_source_expansion,2022-11-06,2023-03-20,28.82181923076923,76.21352596068506,0.2015647853620749,0.00195598170259359,estimated
absdev_rqi_dii__primary_path_b__exclude_100bp_tail_days,absdev_rqi_dii,exclude_100bp_tail_days,primary_path_b,abs_peg_dev_bps,825,8,RQI_DII_v1.0,frozen_confirmed_by_researcher,1,robustness_pilot_pending_multi_issuer_source_expansion,2022-08-24,2024-12-31,5.607141575757575,9.333220934644345,0.10935576828422588,0.10172478955471498,estimated
tail50_rqi_dii_lpm__primary_path_b__exclude_100bp_tail_days,tail50_rqi_dii_lpm,exclude_100bp_tail_days,primary_path_b,tail_depeg_50bp_pct,825,8,RQI_DII_v1.0,frozen_confirmed_by_researcher,1,robustness_pilot_pending_multi_issuer_source_expansion,2022-08-24,2024-12-31,0.8484848484848485,9.177726084129787,0.014732790385265204,0.006291088466901518,estimated
absdev_stress_interaction__primary_path_b__exclude_100bp_tail_days,absdev_stress_interaction,exclude_100bp_tail_days,primary_path_b,abs_peg_dev_bps,825,10,RQI_DII_v1.0,frozen_confirmed_by_researcher,1,robustness_pilot_pending_multi_issuer_source_expansion,2022-08-24,2024-12-31,5.607141575757575,9.333220934644345,0.16774052348999313,0.15854992804387036,estimated
absdev_rqi_dii__bank_cash_070__all_rows_with_variant,absdev_rqi_dii,all_rows_with_variant,bank_cash_070,abs_peg_dev_bps,826,8,RQI_DII_v1.0,frozen_confirmed_by_researcher,1,robustness_pilot_pending_multi_issuer_source_expansion,2022-08-24,2024-12-31,6.071721307506053,16.28749767642561,0.09442503360088161,0.0866756145730162,estimated
tail50_rqi_dii_lpm__bank_cash_070__all_rows_with_variant,tail50_rqi_dii_lpm,all_rows_with_variant,bank_cash_070,tail_depeg_50bp_pct,826,8,RQI_DII_v1.0,frozen_confirmed_by_researcher,1,robustness_pilot_pending_multi_issuer_source_expansion,2022-08-24,2024-12-31,0.9685230024213075,9.799516475274034,0.026911091391677466,0.018583924692095244,estimated
absdev_stress_interaction__bank_cash_070__all_rows_with_variant,absdev_stress_interaction,all_rows_with_variant,bank_cash_070,abs_peg_dev_bps,826,10,RQI_DII_v1.0,frozen_confirmed_by_researcher,1,robustness_pilot_pending_multi_issuer_source_expansion,2022-08-24,2024-12-31,6.071721307506053,16.28749767642561,0.19437501867856377,0.1854894490316361,estimated
absdev_rqi_dii__bank_cash_070__rqi_available,absdev_rqi_dii,rqi_available,bank_cash_070,abs_peg_dev_bps,826,8,RQI_DII_v1.0,frozen_confirmed_by_researcher,1,robustness_pilot_pending_multi_issuer_source_expansion,2022-08-24,2024-12-31,6.071721307506053,16.28749767642561,0.09442503360088161,0.0866756145730162,estimated
tail50_rqi_dii_lpm__bank_cash_070__rqi_available,tail50_rqi_dii_lpm,rqi_available,bank_cash_070,tail_depeg_50bp_pct,826,8,RQI_DII_v1.0,frozen_confirmed_by_researcher,1,robustness_pilot_pending_multi_issuer_source_expansion,2022-08-24,2024-12-31,0.9685230024213075,9.799516475274034,0.026911091391677466,0.018583924692095244,estimated
absdev_stress_interaction__bank_cash_070__rqi_available,absdev_stress_interaction,rqi_available,bank_cash_070,abs_peg_dev_bps,826,10,RQI_DII_v1.0,frozen_confirmed_by_researcher,1,robustness_pilot_pending_multi_issuer_source_expansion,2022-08-24,2024-12-31,6.071721307506053,16.28749767642561,0.19437501867856377,0.1854894490316361,estimated
absdev_rqi_dii__bank_cash_070__manual_review_free,absdev_rqi_dii,manual_review_free,bank_cash_070,abs_peg_dev_bps,190,6,RQI_DII_v1.0,frozen_confirmed_by_researcher,1,robustness_pilot_pending_multi_issuer_source_expansion,2022-08-24,2023-03-01,0.7674731578947369,1.3983326217019685,0.19296862728285058,0.1710384269372759,estimated
tail50_rqi_dii_lpm__bank_cash_070__manual_review_free,tail50_rqi_dii_lpm,manual_review_free,bank_cash_070,tail_depeg_50bp_pct,190,6,RQI_DII_v1.0,frozen_confirmed_by_researcher,1,robustness_pilot_pending_multi_issuer_source_expansion,2022-08-24,2023-03-01,0.0,0.0,,,estimated
absdev_stress_interaction__bank_cash_070__manual_review_free,absdev_stress_interaction,manual_review_free,bank_cash_070,abs_peg_dev_bps,190,8,RQI_DII_v1.0,frozen_confirmed_by_researcher,1,robustness_pilot_pending_multi_issuer_source_expansion,2022-08-24,2023-03-01,0.7674731578947369,1.3983326217019685,0.19296862728285047,0.16192895910142158,estimated
absdev_rqi_dii__bank_cash_070__non_stress_rows,absdev_rqi_dii,non_stress_rows,bank_cash_070,abs_peg_dev_bps,800,7,RQI_DII_v1.0,frozen_confirmed_by_researcher,1,robustness_pilot_pending_multi_issuer_source_expansion,2022-08-24,2024-12-31,5.3323431249999995,8.647708397119132,0.0826407865169112,0.07569985930266343,estimated
tail50_rqi_dii_lpm__bank_cash_070__non_stress_rows,tail50_rqi_dii_lpm,non_stress_rows,bank_cash_070,tail_depeg_50bp_pct,800,7,RQI_DII_v1.0,frozen_confirmed_by_researcher,1,robustness_pilot_pending_multi_issuer_source_expansion,2022-08-24,2024-12-31,0.75,8.633114347045419,0.01347708983754714,0.006012855964943387,estimated
absdev_stress_interaction__bank_cash_070__non_stress_rows,absdev_stress_interaction,non_stress_rows,bank_cash_070,abs_peg_dev_bps,800,7,RQI_DII_v1.0,frozen_confirmed_by_researcher,1,robustness_pilot_pending_multi_issuer_source_expansion,2022-08-24,2024-12-31,5.3323431249999995,8.647708397119132,0.0826407865169112,0.07569985930266343,estimated
absdev_rqi_dii__bank_cash_070__stress_rows_diagnostic,absdev_rqi_dii,stress_rows_diagnostic,bank_cash_070,abs_peg_dev_bps,26,5,RQI_DII_v1.0,frozen_confirmed_by_researcher,1,robustness_pilot_pending_multi_issuer_source_expansion,2022-11-06,2023-03-20,28.82181923076923,76.21352596068506,0.20156478536207234,0.04948188733580039,estimated
tail50_rqi_dii_lpm__bank_cash_070__stress_rows_diagnostic,tail50_rqi_dii_lpm,stress_rows_diagnostic,bank_cash_070,tail_depeg_50bp_pct,26,5,RQI_DII_v1.0,frozen_confirmed_by_researcher,1,robustness_pilot_pending_multi_issuer_source_expansion,2022-11-06,2023-03-20,7.6923076923076925,27.1746488194703,0.23334970379196218,0.08732107594281213,estimated
absdev_stress_interaction__bank_cash_070__stress_rows_diagnostic,absdev_stress_interaction,stress_rows_diagnostic,bank_cash_070,abs_peg_dev_bps,26,6,RQI_DII_v1.0,frozen_confirmed_by_researcher,1,robustness_pilot_pending_multi_issuer_source_expansion,2022-11-06,2023-03-20,28.82181923076923,76.21352596068506,0.20156478536206968,0.0019559817025870396,estimated
absdev_rqi_dii__bank_cash_070__exclude_100bp_tail_days,absdev_rqi_dii,exclude_100bp_tail_days,bank_cash_070,abs_peg_dev_bps,825,8,RQI_DII_v1.0,frozen_confirmed_by_researcher,1,robustness_pilot_pending_multi_issuer_source_expansion,2022-08-24,2024-12-31,5.607141575757575,9.333220934644345,0.11120077172644238,0.10358560085996149,estimated
tail50_rqi_dii_lpm__bank_cash_070__exclude_100bp_tail_days,tail50_rqi_dii_lpm,exclude_100bp_tail_days,bank_cash_070,tail_depeg_50bp_pct,825,8,RQI_DII_v1.0,frozen_confirmed_by_researcher,1,robustness_pilot_pending_multi_issuer_source_expansion,2022-08-24,2024-12-31,0.8484848484848485,9.177726084129787,0.016040561783734364,0.0076100647610736205,estimated
absdev_stress_interaction__bank_cash_070__exclude_100bp_tail_days,absdev_stress_interaction,exclude_100bp_tail_days,bank_cash_070,abs_peg_dev_bps,825,10,RQI_DII_v1.0,frozen_confirmed_by_researcher,1,robustness_pilot_pending_multi_issuer_source_expansion,2022-08-24,2024-12-31,5.607141575757575,9.333220934644345,0.16863032267029698,0.15944955322739218,estimated
absdev_rqi_dii__bank_cash_090__all_rows_with_variant,absdev_rqi_dii,all_rows_with_variant,bank_cash_090,abs_peg_dev_bps,826,8,RQI_DII_v1.0,frozen_confirmed_by_researcher,1,robustness_pilot_pending_multi_issuer_source_expansion,2022-08-24,2024-12-31,6.071721307506053,16.28749767642561,0.08958707642222985,0.08179625678281122,estimated
tail50_rqi_dii_lpm__bank_cash_090__all_rows_with_variant,tail50_rqi_dii_lpm,all_rows_with_variant,bank_cash_090,tail_depeg_50bp_pct,826,8,RQI_DII_v1.0,frozen_confirmed_by_researcher,1,robustness_pilot_pending_multi_issuer_source_expansion,2022-08-24,2024-12-31,0.9685230024213075,9.799516475274034,0.01958442426986784,0.011194559929878944,estimated
absdev_stress_interaction__bank_cash_090__all_rows_with_variant,absdev_stress_interaction,all_rows_with_variant,bank_cash_090,abs_peg_dev_bps,826,10,RQI_DII_v1.0,frozen_confirmed_by_researcher,1,robustness_pilot_pending_multi_issuer_source_expansion,2022-08-24,2024-12-31,6.071721307506053,16.28749767642561,0.19301697119330163,0.18411642308146314,estimated
absdev_rqi_dii__bank_cash_090__rqi_available,absdev_rqi_dii,rqi_available,bank_cash_090,abs_peg_dev_bps,826,8,RQI_DII_v1.0,frozen_confirmed_by_researcher,1,robustness_pilot_pending_multi_issuer_source_expansion,2022-08-24,2024-12-31,6.071721307506053,16.28749767642561,0.08958707642222985,0.08179625678281122,estimated
tail50_rqi_dii_lpm__bank_cash_090__rqi_available,tail50_rqi_dii_lpm,rqi_available,bank_cash_090,tail_depeg_50bp_pct,826,8,RQI_DII_v1.0,frozen_confirmed_by_researcher,1,robustness_pilot_pending_multi_issuer_source_expansion,2022-08-24,2024-12-31,0.9685230024213075,9.799516475274034,0.01958442426986784,0.011194559929878944,estimated
absdev_stress_interaction__bank_cash_090__rqi_available,absdev_stress_interaction,rqi_available,bank_cash_090,abs_peg_dev_bps,826,10,RQI_DII_v1.0,frozen_confirmed_by_researcher,1,robustness_pilot_pending_multi_issuer_source_expansion,2022-08-24,2024-12-31,6.071721307506053,16.28749767642561,0.19301697119330163,0.18411642308146314,estimated
absdev_rqi_dii__bank_cash_090__manual_review_free,absdev_rqi_dii,manual_review_free,bank_cash_090,abs_peg_dev_bps,190,6,RQI_DII_v1.0,frozen_confirmed_by_researcher,1,robustness_pilot_pending_multi_issuer_source_expansion,2022-08-24,2023-03-01,0.7674731578947369,1.3983326217019685,0.19306853756166897,0.17114105216932296,estimated
tail50_rqi_dii_lpm__bank_cash_090__manual_review_free,tail50_rqi_dii_lpm,manual_review_free,bank_cash_090,tail_depeg_50bp_pct,190,6,RQI_DII_v1.0,frozen_confirmed_by_researcher,1,robustness_pilot_pending_multi_issuer_source_expansion,2022-08-24,2023-03-01,0.0,0.0,,,estimated
absdev_stress_interaction__bank_cash_090__manual_review_free,absdev_stress_interaction,manual_review_free,bank_cash_090,abs_peg_dev_bps,190,8,RQI_DII_v1.0,frozen_confirmed_by_researcher,1,robustness_pilot_pending_multi_issuer_source_expansion,2022-08-24,2023-03-01,0.7674731578947369,1.3983326217019685,0.19306853756166975,0.1620327120832724,estimated
absdev_rqi_dii__bank_cash_090__non_stress_rows,absdev_rqi_dii,non_stress_rows,bank_cash_090,abs_peg_dev_bps,800,7,RQI_DII_v1.0,frozen_confirmed_by_researcher,1,robustness_pilot_pending_multi_issuer_source_expansion,2022-08-24,2024-12-31,5.3323431249999995,8.647708397119132,0.07687780881870687,0.06989327773789011,estimated
tail50_rqi_dii_lpm__bank_cash_090__non_stress_rows,tail50_rqi_dii_lpm,non_stress_rows,bank_cash_090,tail_depeg_50bp_pct,800,7,RQI_DII_v1.0,frozen_confirmed_by_researcher,1,robustness_pilot_pending_multi_issuer_source_expansion,2022-08-24,2024-12-31,0.75,8.633114347045419,0.0067872521277989595,-0.0007275984235670663,estimated
absdev_stress_interaction__bank_cash_090__non_stress_rows,absdev_stress_interaction,non_stress_rows,bank_cash_090,abs_peg_dev_bps,800,7,RQI_DII_v1.0,frozen_confirmed_by_researcher,1,robustness_pilot_pending_multi_issuer_source_expansion,2022-08-24,2024-12-31,5.3323431249999995,8.647708397119132,0.07687780881870687,0.06989327773789011,estimated
absdev_rqi_dii__bank_cash_090__stress_rows_diagnostic,absdev_rqi_dii,stress_rows_diagnostic,bank_cash_090,abs_peg_dev_bps,26,5,RQI_DII_v1.0,frozen_confirmed_by_researcher,1,robustness_pilot_pending_multi_issuer_source_expansion,2022-11-06,2023-03-20,28.82181923076923,76.21352596068506,0.201564785362073,0.04948188733580117,estimated
tail50_rqi_dii_lpm__bank_cash_090__stress_rows_diagnostic,tail50_rqi_dii_lpm,stress_rows_diagnostic,bank_cash_090,tail_depeg_50bp_pct,26,5,RQI_DII_v1.0,frozen_confirmed_by_researcher,1,robustness_pilot_pending_multi_issuer_source_expansion,2022-11-06,2023-03-20,7.6923076923076925,27.1746488194703,0.23334970379196673,0.08732107594281757,estimated
absdev_stress_interaction__bank_cash_090__stress_rows_diagnostic,absdev_stress_interaction,stress_rows_diagnostic,bank_cash_090,abs_peg_dev_bps,26,6,RQI_DII_v1.0,frozen_confirmed_by_researcher,1,robustness_pilot_pending_multi_issuer_source_expansion,2022-11-06,2023-03-20,28.82181923076923,76.21352596068506,0.20156478536206757,0.001955981702584486,estimated
absdev_rqi_dii__bank_cash_090__exclude_100bp_tail_days,absdev_rqi_dii,exclude_100bp_tail_days,bank_cash_090,abs_peg_dev_bps,825,8,RQI_DII_v1.0,frozen_confirmed_by_researcher,1,robustness_pilot_pending_multi_issuer_source_expansion,2022-08-24,2024-12-31,5.607141575757575,9.333220934644345,0.10192631981070754,0.09423168607591559,estimated
tail50_rqi_dii_lpm__bank_cash_090__exclude_100bp_tail_days,tail50_rqi_dii_lpm,exclude_100bp_tail_days,bank_cash_090,tail_depeg_50bp_pct,825,8,RQI_DII_v1.0,frozen_confirmed_by_researcher,1,robustness_pilot_pending_multi_issuer_source_expansion,2022-08-24,2024-12-31,0.8484848484848485,9.177726084129787,0.008992812603278999,0.0005019309487171997,estimated
absdev_stress_interaction__bank_cash_090__exclude_100bp_tail_days,absdev_stress_interaction,exclude_100bp_tail_days,bank_cash_090,abs_peg_dev_bps,825,10,RQI_DII_v1.0,frozen_confirmed_by_researcher,1,robustness_pilot_pending_multi_issuer_source_expansion,2022-08-24,2024-12-31,5.607141575757575,9.333220934644345,0.16371034829210107,0.15447524784379307,estimated
absdev_rqi_dii__repo_090__all_rows_with_variant,absdev_rqi_dii,all_rows_with_variant,repo_090,abs_peg_dev_bps,826,8,RQI_DII_v1.0,frozen_confirmed_by_researcher,1,robustness_pilot_pending_multi_issuer_source_expansion,2022-08-24,2024-12-31,6.071721307506053,16.28749767642561,0.09206724358319085,0.08429764786813254,estimated
tail50_rqi_dii_lpm__repo_090__all_rows_with_variant,tail50_rqi_dii_lpm,all_rows_with_variant,repo_090,tail_depeg_50bp_pct,826,8,RQI_DII_v1.0,frozen_confirmed_by_researcher,1,robustness_pilot_pending_multi_issuer_source_expansion,2022-08-24,2024-12-31,0.9685230024213075,9.799516475274034,0.01695465033415744,0.00854228181623462,estimated
absdev_stress_interaction__repo_090__all_rows_with_variant,absdev_stress_interaction,all_rows_with_variant,repo_090,abs_peg_dev_bps,826,10,RQI_DII_v1.0,frozen_confirmed_by_researcher,1,robustness_pilot_pending_multi_issuer_source_expansion,2022-08-24,2024-12-31,6.071721307506053,16.28749767642561,0.19465156289528807,0.18576904336839783,estimated
absdev_rqi_dii__repo_090__rqi_available,absdev_rqi_dii,rqi_available,repo_090,abs_peg_dev_bps,826,8,RQI_DII_v1.0,frozen_confirmed_by_researcher,1,robustness_pilot_pending_multi_issuer_source_expansion,2022-08-24,2024-12-31,6.071721307506053,16.28749767642561,0.09206724358319085,0.08429764786813254,estimated
tail50_rqi_dii_lpm__repo_090__rqi_available,tail50_rqi_dii_lpm,rqi_available,repo_090,tail_depeg_50bp_pct,826,8,RQI_DII_v1.0,frozen_confirmed_by_researcher,1,robustness_pilot_pending_multi_issuer_source_expansion,2022-08-24,2024-12-31,0.9685230024213075,9.799516475274034,0.01695465033415744,0.00854228181623462,estimated
absdev_stress_interaction__repo_090__rqi_available,absdev_stress_interaction,rqi_available,repo_090,abs_peg_dev_bps,826,10,RQI_DII_v1.0,frozen_confirmed_by_researcher,1,robustness_pilot_pending_multi_issuer_source_expansion,2022-08-24,2024-12-31,6.071721307506053,16.28749767642561,0.19465156289528807,0.18576904336839783,estimated
absdev_rqi_dii__repo_090__manual_review_free,absdev_rqi_dii,manual_review_free,repo_090,abs_peg_dev_bps,190,6,RQI_DII_v1.0,frozen_confirmed_by_researcher,1,robustness_pilot_pending_multi_issuer_source_expansion,2022-08-24,2023-03-01,0.7674731578947369,1.3983326217019685,0.19298614571954187,0.17105642141844246,estimated
tail50_rqi_dii_lpm__repo_090__manual_review_free,tail50_rqi_dii_lpm,manual_review_free,repo_090,tail_depeg_50bp_pct,190,6,RQI_DII_v1.0,frozen_confirmed_by_researcher,1,robustness_pilot_pending_multi_issuer_source_expansion,2022-08-24,2023-03-01,0.0,0.0,,,estimated
absdev_stress_interaction__repo_090__manual_review_free,absdev_stress_interaction,manual_review_free,repo_090,abs_peg_dev_bps,190,8,RQI_DII_v1.0,frozen_confirmed_by_researcher,1,robustness_pilot_pending_multi_issuer_source_expansion,2022-08-24,2023-03-01,0.7674731578947369,1.3983326217019685,0.1929861457195422,0.16194715132413995,estimated
absdev_rqi_dii__repo_090__non_stress_rows,absdev_rqi_dii,non_stress_rows,repo_090,abs_peg_dev_bps,800,7,RQI_DII_v1.0,frozen_confirmed_by_researcher,1,robustness_pilot_pending_multi_issuer_source_expansion,2022-08-24,2024-12-31,5.3323431249999995,8.647708397119132,0.08072045257346994,0.07376499572030581,estimated
tail50_rqi_dii_lpm__repo_090__non_stress_rows,tail50_rqi_dii_lpm,non_stress_rows,repo_090,tail_depeg_50bp_pct,800,7,RQI_DII_v1.0,frozen_confirmed_by_researcher,1,robustness_pilot_pending_multi_issuer_source_expansion,2022-08-24,2024-12-31,0.75,8.633114347045419,0.0020026858713915185,-0.005548365685697609,estimated
absdev_stress_interaction__repo_090__non_stress_rows,absdev_stress_interaction,non_stress_rows,repo_090,abs_peg_dev_bps,800,7,RQI_DII_v1.0,frozen_confirmed_by_researcher,1,robustness_pilot_pending_multi_issuer_source_expansion,2022-08-24,2024-12-31,5.3323431249999995,8.647708397119132,0.08072045257346994,0.07376499572030581,estimated
absdev_rqi_dii__repo_090__stress_rows_diagnostic,absdev_rqi_dii,stress_rows_diagnostic,repo_090,abs_peg_dev_bps,26,5,RQI_DII_v1.0,frozen_confirmed_by_researcher,1,robustness_pilot_pending_multi_issuer_source_expansion,2022-11-06,2023-03-20,28.82181923076923,76.21352596068506,0.20156478536207278,0.049481887335800834,estimated
tail50_rqi_dii_lpm__repo_090__stress_rows_diagnostic,tail50_rqi_dii_lpm,stress_rows_diagnostic,repo_090,tail_depeg_50bp_pct,26,5,RQI_DII_v1.0,frozen_confirmed_by_researcher,1,robustness_pilot_pending_multi_issuer_source_expansion,2022-11-06,2023-03-20,7.6923076923076925,27.1746488194703,0.2333497037919593,0.08732107594280858,estimated
absdev_stress_interaction__repo_090__stress_rows_diagnostic,absdev_stress_interaction,stress_rows_diagnostic,repo_090,abs_peg_dev_bps,26,6,RQI_DII_v1.0,frozen_confirmed_by_researcher,1,robustness_pilot_pending_multi_issuer_source_expansion,2022-11-06,2023-03-20,28.82181923076923,76.21352596068506,0.2015647853620749,0.00195598170259359,estimated
absdev_rqi_dii__repo_090__exclude_100bp_tail_days,absdev_rqi_dii,exclude_100bp_tail_days,repo_090,abs_peg_dev_bps,825,8,RQI_DII_v1.0,frozen_confirmed_by_researcher,1,robustness_pilot_pending_multi_issuer_source_expansion,2022-08-24,2024-12-31,5.607141575757575,9.333220934644345,0.10527474495163291,0.09760880029393582,estimated
tail50_rqi_dii_lpm__repo_090__exclude_100bp_tail_days,tail50_rqi_dii_lpm,exclude_100bp_tail_days,repo_090,tail_depeg_50bp_pct,825,8,RQI_DII_v1.0,frozen_confirmed_by_researcher,1,robustness_pilot_pending_multi_issuer_source_expansion,2022-08-24,2024-12-31,0.8484848484848485,9.177726084129787,0.0054256402297718775,-0.0030958047131797173,estimated
absdev_stress_interaction__repo_090__exclude_100bp_tail_days,absdev_stress_interaction,exclude_100bp_tail_days,repo_090,abs_peg_dev_bps,825,10,RQI_DII_v1.0,frozen_confirmed_by_researcher,1,robustness_pilot_pending_multi_issuer_source_expansion,2022-08-24,2024-12-31,5.607141575757575,9.333220934644345,0.16643144305369284,0.1572263915045925,estimated
