event_id,event_date,window_days,window_role,pre_n,post_n,pre_mean_abs_peg_dev_bps,post_mean_abs_peg_dev_bps,delta_post_minus_pre_abs_peg_dev_bps,event_day_abs_peg_dev_bps,max_post_abs_peg_dev_bps,pre_tail50_rate,post_tail50_rate,delta_post_minus_pre_tail50_rate,event_has_rqi,event_has_dii,event_manual_review_required,event_stress_regime_disclosure,overlap_risk_7d_window,overlap_risk_14d_window,classification_status,rule_version,rule_status,provisional_flag,provisional_reason
USDC_ASSURANCE_2022_01,2022-02-25,3,primary,3,4,8.122724666666667,18.0311515,9.908426833333333,8.244235,25.797639,0.0,0.0,0.0,0,1,1,normal,0,0,rules_frozen_source_review_required,RQI_DII_v1.0,frozen_confirmed_by_researcher,1,robustness_pilot_pending_multi_issuer_source_expansion
USDC_ASSURANCE_2022_01,2022-02-25,7,primary,7,8,11.303774857142857,11.580327,0.2765521428571436,8.244235,25.797639,0.0,0.0,0.0,0,1,1,normal,0,0,rules_frozen_source_review_required,RQI_DII_v1.0,frozen_confirmed_by_researcher,1,robustness_pilot_pending_multi_issuer_source_expansion
USDC_ASSURANCE_2022_01,2022-02-25,14,robustness,14,15,8.839965500000002,8.3526412,-0.48732430000000093,8.244235,25.797639,0.0,0.0,0.0,0,1,1,normal,0,0,rules_frozen_source_review_required,RQI_DII_v1.0,frozen_confirmed_by_researcher,1,robustness_pilot_pending_multi_issuer_source_expansion
USDC_ASSURANCE_2022_02,2022-03-31,3,primary,3,4,8.144909333333333,60.6487105,52.50380116666667,78.603676,78.603676,0.0,0.75,0.75,0,1,1,normal,0,0,rules_frozen_source_review_required,RQI_DII_v1.0,frozen_confirmed_by_researcher,1,robustness_pilot_pending_multi_issuer_source_expansion
USDC_ASSURANCE_2022_02,2022-03-31,7,primary,7,8,7.678718142857143,36.56374875,28.88503060714286,78.603676,78.603676,0.0,0.375,0.375,0,1,1,normal,0,0,rules_frozen_source_review_required,RQI_DII_v1.0,frozen_confirmed_by_researcher,1,robustness_pilot_pending_multi_issuer_source_expansion
USDC_ASSURANCE_2022_02,2022-03-31,14,robustness,14,15,5.907576571428571,28.435557533333334,22.527980961904763,78.603676,78.603676,0.0,0.2,0.2,0,1,1,normal,0,0,rules_frozen_source_review_required,RQI_DII_v1.0,frozen_confirmed_by_researcher,1,robustness_pilot_pending_multi_issuer_source_expansion
USDC_ASSURANCE_2022_03,2022-04-29,3,primary,3,4,16.675604,19.705997500000002,3.0303935000000024,14.689704,26.172708,0.0,0.0,0.0,0,1,1,normal,0,1,rules_frozen_source_review_required,RQI_DII_v1.0,frozen_confirmed_by_researcher,1,robustness_pilot_pending_multi_issuer_source_expansion
USDC_ASSURANCE_2022_03,2022-04-29,7,primary,7,8,11.492801571428572,14.846155500000002,3.3533539285714298,14.689704,26.172708,0.0,0.0,0.0,0,1,1,normal,0,1,rules_frozen_source_review_required,RQI_DII_v1.0,frozen_confirmed_by_researcher,1,robustness_pilot_pending_multi_issuer_source_expansion
USDC_ASSURANCE_2022_03,2022-04-29,14,robustness,14,15,9.71198092857143,12.784854733333333,3.072873804761903,14.689704,29.605097,0.0,0.0,0.0,0,1,1,normal,0,1,rules_frozen_source_review_required,RQI_DII_v1.0,frozen_confirmed_by_researcher,1,robustness_pilot_pending_multi_issuer_source_expansion
USDC_ASSURANCE_2022_04,2022-05-23,3,primary,3,4,3.6541,2.171025,-1.483075,4.3695,4.3695,0.0,0.0,0.0,0,1,1,normal,0,1,rules_frozen_source_review_required,RQI_DII_v1.0,frozen_confirmed_by_researcher,1,robustness_pilot_pending_multi_issuer_source_expansion
USDC_ASSURANCE_2022_04,2022-05-23,7,primary,7,8,3.2772857142857146,2.23145,-1.0458357142857144,4.3695,4.3695,0.0,0.0,0.0,0,1,1,normal,0,1,rules_frozen_source_review_required,RQI_DII_v1.0,frozen_confirmed_by_researcher,1,robustness_pilot_pending_multi_issuer_source_expansion
USDC_ASSURANCE_2022_04,2022-05-23,14,robustness,14,15,2.9201794285714286,2.8875000000000006,-0.032679428571428026,4.3695,6.816800000000001,0.0,0.0,0.0,0,1,1,normal,0,1,rules_frozen_source_review_required,RQI_DII_v1.0,frozen_confirmed_by_researcher,1,robustness_pilot_pending_multi_issuer_source_expansion
USDC_ASSURANCE_2022_06,2022-07-28,3,primary,3,4,1.5438333333333334,0.185525,-1.3583083333333335,0.1973,0.481,0.0,0.0,0.0,0,1,1,normal,0,1,rules_frozen_source_review_required,RQI_DII_v1.0,frozen_confirmed_by_researcher,1,robustness_pilot_pending_multi_issuer_source_expansion
USDC_ASSURANCE_2022_06,2022-07-28,7,primary,7,8,1.6205714285714288,1.1272625,-0.4933089285714287,0.1973,6.1002,0.0,0.0,0.0,0,1,1,normal,0,1,rules_frozen_source_review_required,RQI_DII_v1.0,frozen_confirmed_by_researcher,1,robustness_pilot_pending_multi_issuer_source_expansion
USDC_ASSURANCE_2022_06,2022-07-28,14,robustness,14,15,1.273292857142857,0.8101066666666665,-0.4631861904761905,0.1973,6.1002,0.0,0.0,0.0,0,1,1,normal,0,1,rules_frozen_source_review_required,RQI_DII_v1.0,frozen_confirmed_by_researcher,1,robustness_pilot_pending_multi_issuer_source_expansion
USDC_ASSURANCE_2022_07,2022-08-24,3,primary,3,4,0.5174333333333333,0.46855,-0.04888333333333328,0.0,1.2970000000000002,0.0,0.0,0.0,1,1,0,normal,0,1,rules_frozen_high_confidence,RQI_DII_v1.0,frozen_confirmed_by_researcher,1,robustness_pilot_pending_multi_issuer_source_expansion
USDC_ASSURANCE_2022_07,2022-08-24,7,primary,7,8,0.6149714285714286,0.44925000000000004,-0.16572142857142858,0.0,1.2970000000000002,0.0,0.0,0.0,1,1,0,normal,0,1,rules_frozen_high_confidence,RQI_DII_v1.0,frozen_confirmed_by_researcher,1,robustness_pilot_pending_multi_issuer_source_expansion
USDC_ASSURANCE_2022_07,2022-08-24,14,robustness,14,15,0.6163785714285713,0.5634266666666667,-0.05295190476190459,0.0,3.673,0.0,0.0,0.0,1,1,0,normal,0,1,rules_frozen_high_confidence,RQI_DII_v1.0,frozen_confirmed_by_researcher,1,robustness_pilot_pending_multi_issuer_source_expansion
USDC_ASSURANCE_2022_08,2022-09-23,3,primary,3,4,0.5209333333333334,0.3988999999999999,-0.12203333333333344,0.7509,0.7509,0.0,0.0,0.0,1,1,0,normal,0,0,rules_frozen_high_confidence,RQI_DII_v1.0,frozen_confirmed_by_researcher,1,robustness_pilot_pending_multi_issuer_source_expansion
USDC_ASSURANCE_2022_08,2022-09-23,7,primary,7,8,0.47268571428571426,0.798775,0.32608928571428575,0.7509,2.5963000000000003,0.0,0.0,0.0,1,1,0,normal,0,0,rules_frozen_high_confidence,RQI_DII_v1.0,frozen_confirmed_by_researcher,1,robustness_pilot_pending_multi_issuer_source_expansion
USDC_ASSURANCE_2022_08,2022-09-23,14,robustness,14,15,0.38935,0.5476066666666667,0.1582566666666667,0.7509,2.5963000000000003,0.0,0.0,0.0,1,1,0,normal,0,0,rules_frozen_high_confidence,RQI_DII_v1.0,frozen_confirmed_by_researcher,1,robustness_pilot_pending_multi_issuer_source_expansion
USDC_ASSURANCE_2022_09,2022-10-25,3,primary,3,4,0.8784333333333333,0.26715,-0.6112833333333333,0.0753,0.8449,0.0,0.0,0.0,1,1,0,normal,0,1,rules_frozen_high_confidence,RQI_DII_v1.0,frozen_confirmed_by_researcher,1,robustness_pilot_pending_multi_issuer_source_expansion
USDC_ASSURANCE_2022_09,2022-10-25,7,primary,7,8,0.5122857142857142,0.28876250000000003,-0.2235232142857142,0.0753,0.8449,0.0,0.0,0.0,1,1,0,normal,0,1,rules_frozen_high_confidence,RQI_DII_v1.0,frozen_confirmed_by_researcher,1,robustness_pilot_pending_multi_issuer_source_expansion
USDC_ASSURANCE_2022_09,2022-10-25,14,robustness,14,15,0.38509999999999994,0.33526,-0.04983999999999994,0.0753,0.9762,0.0,0.0,0.0,1,1,0,normal,0,1,rules_frozen_high_confidence,RQI_DII_v1.0,frozen_confirmed_by_researcher,1,robustness_pilot_pending_multi_issuer_source_expansion
USDC_ASSURANCE_2022_10,2022-11-22,3,primary,3,4,0.8896999999999999,1.1416750000000002,0.2519750000000003,2.6976,2.6976,0.0,0.0,0.0,1,1,0,normal,0,1,rules_frozen_high_confidence,RQI_DII_v1.0,frozen_confirmed_by_researcher,1,robustness_pilot_pending_multi_issuer_source_expansion
USDC_ASSURANCE_2022_10,2022-11-22,7,primary,7,8,1.328485714285714,1.1747,-0.15378571428571397,2.6976,2.6976,0.0,0.0,0.0,1,1,0,normal,0,1,rules_frozen_high_confidence,RQI_DII_v1.0,frozen_confirmed_by_researcher,1,robustness_pilot_pending_multi_issuer_source_expansion
USDC_ASSURANCE_2022_10,2022-11-22,14,robustness,14,15,3.0114571428571426,0.7620266666666667,-2.2494304761904758,2.6976,2.6976,0.0,0.0,0.0,1,1,0,normal,0,1,rules_frozen_high_confidence,RQI_DII_v1.0,frozen_confirmed_by_researcher,1,robustness_pilot_pending_multi_issuer_source_expansion
USDC_ASSURANCE_2022_11,2022-12-22,3,primary,3,4,0.32976666666666665,0.8032000000000001,0.4734333333333335,0.0479,2.1706000000000003,0.0,0.0,0.0,1,1,0,normal,0,0,rules_frozen_high_confidence,RQI_DII_v1.0,frozen_confirmed_by_researcher,1,robustness_pilot_pending_multi_issuer_source_expansion
USDC_ASSURANCE_2022_11,2022-12-22,7,primary,7,8,0.4639142857142858,1.1236625,0.6597482142857143,0.0479,3.83,0.0,0.0,0.0,1,1,0,normal,0,0,rules_frozen_high_confidence,RQI_DII_v1.0,frozen_confirmed_by_researcher,1,robustness_pilot_pending_multi_issuer_source_expansion
USDC_ASSURANCE_2022_11,2022-12-22,14,robustness,14,15,0.3659071428571428,1.2242666666666666,0.8583595238095238,0.0479,4.1658,0.0,0.0,0.0,1,1,0,normal,0,0,rules_frozen_high_confidence,RQI_DII_v1.0,frozen_confirmed_by_researcher,1,robustness_pilot_pending_multi_issuer_source_expansion
USDC_ASSURANCE_2022_12,2023-01-25,3,primary,3,4,0.44406666666666667,1.0644,0.6203333333333334,3.8,3.8,0.0,0.0,0.0,1,1,0,normal,0,0,rules_frozen_high_confidence,RQI_DII_v1.0,frozen_confirmed_by_researcher,1,robustness_pilot_pending_multi_issuer_source_expansion
USDC_ASSURANCE_2022_12,2023-01-25,7,primary,7,8,0.9955285714285714,1.2502875,0.25475892857142857,3.8,3.8,0.0,0.0,0.0,1,1,0,normal,0,0,rules_frozen_high_confidence,RQI_DII_v1.0,frozen_confirmed_by_researcher,1,robustness_pilot_pending_multi_issuer_source_expansion
USDC_ASSURANCE_2022_12,2023-01-25,14,robustness,14,15,0.5549071428571429,0.7754733333333333,0.22056619047619042,3.8,3.8,0.0,0.0,0.0,1,1,0,normal,0,0,rules_frozen_high_confidence,RQI_DII_v1.0,frozen_confirmed_by_researcher,1,robustness_pilot_pending_multi_issuer_source_expansion
USDC_ASSURANCE_2023_01,2023-03-02,3,primary,3,4,0.7750333333333334,1.1302,0.35516666666666674,1.0,2.8174,0.0,0.0,0.0,1,1,1,normal,0,1,rules_frozen_source_review_required,RQI_DII_v1.0,frozen_confirmed_by_researcher,1,robustness_pilot_pending_multi_issuer_source_expansion
USDC_ASSURANCE_2023_01,2023-03-02,7,primary,7,8,0.7606142857142857,0.6367,-0.12391428571428564,1.0,2.8174,0.0,0.0,0.0,1,1,1,normal,0,1,rules_frozen_source_review_required,RQI_DII_v1.0,frozen_confirmed_by_researcher,1,robustness_pilot_pending_multi_issuer_source_expansion
USDC_ASSURANCE_2023_01,2023-03-02,14,robustness,14,15,0.5634571428571429,36.866126666666666,36.30266952380952,1.0,389.35,0.0,0.13333333333333333,0.13333333333333333,1,1,1,normal,0,1,rules_frozen_source_review_required,RQI_DII_v1.0,frozen_confirmed_by_researcher,1,robustness_pilot_pending_multi_issuer_source_expansion
USDC_ASSURANCE_2023_02,2023-03-30,3,primary,3,4,4.823333333333333,5.05,0.22666666666666657,0.2,10.0,0.0,0.0,0.0,1,1,1,normal,0,1,rules_frozen_source_review_required,RQI_DII_v1.0,frozen_confirmed_by_researcher,1,robustness_pilot_pending_multi_issuer_source_expansion
USDC_ASSURANCE_2023_02,2023-03-30,7,primary,7,8,27.78142857142857,4.0737499999999995,-23.70767857142857,0.2,10.78,0.2857142857142857,0.0,-0.2857142857142857,1,1,1,normal,0,1,rules_frozen_source_review_required,RQI_DII_v1.0,frozen_confirmed_by_researcher,1,robustness_pilot_pending_multi_issuer_source_expansion
USDC_ASSURANCE_2023_02,2023-03-30,14,robustness,14,15,32.46214285714286,6.1419999999999995,-26.32014285714286,0.2,30.0,0.21428571428571427,0.0,-0.21428571428571427,1,1,1,normal,0,1,rules_frozen_source_review_required,RQI_DII_v1.0,frozen_confirmed_by_researcher,1,robustness_pilot_pending_multi_issuer_source_expansion
USDC_ASSURANCE_2023_03,2023-04-28,3,primary,3,4,26.96666666666667,5.6925,-21.27416666666667,20.0,20.0,0.3333333333333333,0.0,-0.3333333333333333,1,1,1,banking_stress,0,0,rules_frozen_source_review_required,RQI_DII_v1.0,frozen_confirmed_by_researcher,1,robustness_pilot_pending_multi_issuer_source_expansion
USDC_ASSURANCE_2023_03,2023-04-28,7,primary,7,8,11.617142857142857,7.891249999999999,-3.725892857142858,20.0,20.0,0.14285714285714285,0.0,-0.14285714285714285,1,1,1,banking_stress,0,0,rules_frozen_source_review_required,RQI_DII_v1.0,frozen_confirmed_by_researcher,1,robustness_pilot_pending_multi_issuer_source_expansion
USDC_ASSURANCE_2023_03,2023-04-28,14,robustness,14,15,8.945714285714285,10.147333333333334,1.2016190476190491,20.0,30.0,0.07142857142857142,0.0,-0.07142857142857142,1,1,1,banking_stress,0,0,rules_frozen_source_review_required,RQI_DII_v1.0,frozen_confirmed_by_researcher,1,robustness_pilot_pending_multi_issuer_source_expansion
USDC_ASSURANCE_2023_04,2023-05-30,3,primary,3,4,7.8066666666666675,4.13,-3.6766666666666676,1.24,11.04,0.0,0.0,0.0,0,1,1,banking_stress,0,0,rules_frozen_source_review_required,RQI_DII_v1.0,frozen_confirmed_by_researcher,1,robustness_pilot_pending_multi_issuer_source_expansion
USDC_ASSURANCE_2023_04,2023-05-30,7,primary,7,8,5.587142857142857,3.62,-1.967142857142857,1.24,11.04,0.0,0.0,0.0,0,1,1,banking_stress,0,0,rules_frozen_source_review_required,RQI_DII_v1.0,frozen_confirmed_by_researcher,1,robustness_pilot_pending_multi_issuer_source_expansion
USDC_ASSURANCE_2023_04,2023-05-30,14,robustness,14,15,6.4435714285714285,4.560666666666667,-1.8829047619047614,1.24,11.04,0.0,0.0,0.0,0,1,1,banking_stress,0,0,rules_frozen_source_review_required,RQI_DII_v1.0,frozen_confirmed_by_researcher,1,robustness_pilot_pending_multi_issuer_source_expansion
USDC_ASSURANCE_2023_05,2023-06-30,3,primary,3,4,6.666666666666667,6.525,-0.1416666666666666,4.51,10.0,0.0,0.0,0.0,1,1,1,normal,0,1,rules_frozen_source_review_required,RQI_DII_v1.0,frozen_confirmed_by_researcher,1,robustness_pilot_pending_multi_issuer_source_expansion
USDC_ASSURANCE_2023_05,2023-06-30,7,primary,7,8,6.804285714285713,6.28375,-0.520535714285713,4.51,10.0,0.0,0.0,0.0,1,1,1,normal,0,1,rules_frozen_source_review_required,RQI_DII_v1.0,frozen_confirmed_by_researcher,1,robustness_pilot_pending_multi_issuer_source_expansion
USDC_ASSURANCE_2023_05,2023-06-30,14,robustness,14,15,7.1000000000000005,5.073333333333333,-2.0266666666666673,4.51,10.0,0.0,0.0,0.0,1,1,1,normal,0,1,rules_frozen_source_review_required,RQI_DII_v1.0,frozen_confirmed_by_researcher,1,robustness_pilot_pending_multi_issuer_source_expansion
USDC_ASSURANCE_2023_06,2023-07-28,3,primary,3,4,0.0,1.0525,1.0525,0.0,4.21,0.0,0.0,0.0,1,1,1,normal,0,1,rules_frozen_source_review_required,RQI_DII_v1.0,frozen_confirmed_by_researcher,1,robustness_pilot_pending_multi_issuer_source_expansion
USDC_ASSURANCE_2023_06,2023-07-28,7,primary,7,8,0.33,3.02625,2.69625,0.0,10.0,0.0,0.0,0.0,1,1,1,normal,0,1,rules_frozen_source_review_required,RQI_DII_v1.0,frozen_confirmed_by_researcher,1,robustness_pilot_pending_multi_issuer_source_expansion
USDC_ASSURANCE_2023_06,2023-07-28,14,robustness,14,15,1.707857142857143,2.6366666666666663,0.9288095238095233,0.0,10.0,0.0,0.0,0.0,1,1,1,normal,0,1,rules_frozen_source_review_required,RQI_DII_v1.0,frozen_confirmed_by_researcher,1,robustness_pilot_pending_multi_issuer_source_expansion
USDC_ASSURANCE_2023_07,2023-08-30,3,primary,3,4,2.1300000000000003,7.3,5.17,11.02,11.02,0.0,0.0,0.0,1,1,1,normal,0,0,rules_frozen_source_review_required,RQI_DII_v1.0,frozen_confirmed_by_researcher,1,robustness_pilot_pending_multi_issuer_source_expansion
USDC_ASSURANCE_2023_07,2023-08-30,7,primary,7,8,3.924285714285714,4.74875,0.8244642857142863,11.02,11.02,0.0,0.0,0.0,1,1,1,normal,0,0,rules_frozen_source_review_required,RQI_DII_v1.0,frozen_confirmed_by_researcher,1,robustness_pilot_pending_multi_issuer_source_expansion
USDC_ASSURANCE_2023_07,2023-08-30,14,robustness,14,15,5.6257142857142854,4.084,-1.5417142857142858,11.02,11.02,0.0,0.0,0.0,1,1,1,normal,0,0,rules_frozen_source_review_required,RQI_DII_v1.0,frozen_confirmed_by_researcher,1,robustness_pilot_pending_multi_issuer_source_expansion
USDC_ASSURANCE_2023_08,2023-09-29,3,primary,3,4,6.666666666666667,3.0675,-3.599166666666667,10.0,10.0,0.0,0.0,0.0,1,1,1,normal,0,0,rules_frozen_source_review_required,RQI_DII_v1.0,frozen_confirmed_by_researcher,1,robustness_pilot_pending_multi_issuer_source_expansion
USDC_ASSURANCE_2023_08,2023-09-29,7,primary,7,8,6.05,3.8062500000000004,-2.2437499999999995,10.0,10.0,0.0,0.0,0.0,1,1,1,normal,0,0,rules_frozen_source_review_required,RQI_DII_v1.0,frozen_confirmed_by_researcher,1,robustness_pilot_pending_multi_issuer_source_expansion
USDC_ASSURANCE_2023_08,2023-09-29,14,robustness,14,15,5.187142857142858,4.192666666666667,-0.994476190476191,10.0,10.169999999999998,0.0,0.0,0.0,1,1,1,normal,0,0,rules_frozen_source_review_required,RQI_DII_v1.0,frozen_confirmed_by_researcher,1,robustness_pilot_pending_multi_issuer_source_expansion
USDC_ASSURANCE_2023_09,2023-10-30,3,primary,3,4,3.3333333333333335,5.289999999999999,1.9566666666666657,0.97,10.0,0.0,0.0,0.0,1,1,1,normal,0,0,rules_frozen_source_review_required,RQI_DII_v1.0,frozen_confirmed_by_researcher,1,robustness_pilot_pending_multi_issuer_source_expansion
USDC_ASSURANCE_2023_09,2023-10-30,7,primary,7,8,8.8,4.1187499999999995,-4.681250000000001,0.97,10.06,0.0,0.0,0.0,1,1,1,normal,0,0,rules_frozen_source_review_required,RQI_DII_v1.0,frozen_confirmed_by_researcher,1,robustness_pilot_pending_multi_issuer_source_expansion
USDC_ASSURANCE_2023_09,2023-10-30,14,robustness,14,15,5.05,4.688,-0.3620000000000001,0.97,22.05,0.0,0.0,0.0,1,1,1,normal,0,0,rules_frozen_source_review_required,RQI_DII_v1.0,frozen_confirmed_by_researcher,1,robustness_pilot_pending_multi_issuer_source_expansion
USDC_ASSURANCE_2023_11,2023-12-22,3,primary,3,4,4.053333333333334,8.3625,4.309166666666667,10.0,13.45,0.0,0.0,0.0,1,1,1,normal,0,0,rules_frozen_source_review_required,RQI_DII_v1.0,frozen_confirmed_by_researcher,1,robustness_pilot_pending_multi_issuer_source_expansion
USDC_ASSURANCE_2023_11,2023-12-22,7,primary,7,8,8.501428571428571,9.3175,0.8160714285714299,10.0,20.0,0.0,0.0,0.0,1,1,1,normal,0,0,rules_frozen_source_review_required,RQI_DII_v1.0,frozen_confirmed_by_researcher,1,robustness_pilot_pending_multi_issuer_source_expansion
USDC_ASSURANCE_2023_11,2023-12-22,14,robustness,14,15,8.68,9.184666666666667,0.504666666666667,10.0,30.0,0.0,0.0,0.0,1,1,1,normal,0,0,rules_frozen_source_review_required,RQI_DII_v1.0,frozen_confirmed_by_researcher,1,robustness_pilot_pending_multi_issuer_source_expansion
USDC_ASSURANCE_2024_01,2024-02-29,3,primary,3,4,9.973333333333334,17.997500000000002,8.024166666666668,21.67,30.0,0.0,0.0,0.0,1,1,1,normal,0,0,rules_frozen_source_review_required,RQI_DII_v1.0,frozen_confirmed_by_researcher,1,robustness_pilot_pending_multi_issuer_source_expansion
USDC_ASSURANCE_2024_01,2024-02-29,7,primary,7,8,11.12857142857143,19.80125,8.67267857142857,21.67,34.81,0.0,0.0,0.0,1,1,1,normal,0,0,rules_frozen_source_review_required,RQI_DII_v1.0,frozen_confirmed_by_researcher,1,robustness_pilot_pending_multi_issuer_source_expansion
USDC_ASSURANCE_2024_01,2024-02-29,14,robustness,14,15,12.796428571428569,13.654666666666666,0.8582380952380966,21.67,34.81,0.0,0.0,0.0,1,1,1,normal,0,0,rules_frozen_source_review_required,RQI_DII_v1.0,frozen_confirmed_by_researcher,1,robustness_pilot_pending_multi_issuer_source_expansion
USDC_ASSURANCE_2024_07,2024-08-27,3,primary,3,4,7.8133333333333335,3.58,-4.233333333333333,10.49,10.49,0.0,0.0,0.0,1,1,1,normal,0,0,rules_frozen_source_review_required,RQI_DII_v1.0,frozen_confirmed_by_researcher,1,robustness_pilot_pending_multi_issuer_source_expansion
USDC_ASSURANCE_2024_07,2024-08-27,7,primary,7,8,5.827142857142857,5.19375,-0.6333928571428578,10.49,17.23,0.0,0.0,0.0,1,1,1,normal,0,0,rules_frozen_source_review_required,RQI_DII_v1.0,frozen_confirmed_by_researcher,1,robustness_pilot_pending_multi_issuer_source_expansion
USDC_ASSURANCE_2024_07,2024-08-27,14,robustness,14,15,3.3857142857142857,4.310666666666666,0.9249523809523805,10.49,17.23,0.0,0.0,0.0,1,1,1,normal,0,0,rules_frozen_source_review_required,RQI_DII_v1.0,frozen_confirmed_by_researcher,1,robustness_pilot_pending_multi_issuer_source_expansion
USDC_ASSURANCE_2024_11,2024-12-20,3,primary,3,4,0.89,10.3525,9.462499999999999,10.0,20.0,0.0,0.0,0.0,1,1,1,normal,0,0,rules_frozen_source_review_required,RQI_DII_v1.0,frozen_confirmed_by_researcher,1,robustness_pilot_pending_multi_issuer_source_expansion
USDC_ASSURANCE_2024_11,2024-12-20,7,primary,7,8,2.8200000000000003,7.071249999999999,4.251249999999999,10.0,20.0,0.0,0.0,0.0,1,1,1,normal,0,0,rules_frozen_source_review_required,RQI_DII_v1.0,frozen_confirmed_by_researcher,1,robustness_pilot_pending_multi_issuer_source_expansion
USDC_ASSURANCE_2024_11,2024-12-20,14,robustness,14,12,3.96,6.441666666666666,2.4816666666666665,10.0,20.0,0.0,0.0,0.0,1,1,1,normal,0,0,rules_frozen_source_review_required,RQI_DII_v1.0,frozen_confirmed_by_researcher,1,robustness_pilot_pending_multi_issuer_source_expansion
