date,stablecoin,issuer,price_usd,abs_peg_dev,tail_depeg_50bp,tail_depeg_100bp,circulating_face_usd,supply_median_by_coin,abnormal_price_50bp_flag,abnormal_price_100bp_flag,low_supply_lifecycle_flag,manual_market_review_flag,market_stress_flag,market_stress_types,rule_version,rule_status
2023-03-13,USDT,Tether,1.01,0.01,1.0,1.0,72558009184.0,83114449131.5,1,1,0,1,1,banking_stress,RQI_DII_v1.0,frozen_confirmed_by_researcher
2023-03-21,USDT,Tether,1.011,0.011,1.0,1.0,76849624852.0,83114449131.5,1,1,0,1,0,normal,RQI_DII_v1.0,frozen_confirmed_by_researcher
2022-02-05,USDC,Circle,1.0109247319,0.0109247319,1.0,1.0,45102574316.0,34667528982.5,1,1,0,1,0,normal,RQI_DII_v1.0,frozen_confirmed_by_researcher
2023-03-12,USDC,Circle,0.961065,0.038935,1.0,1.0,40701238382.0,34667528982.5,1,1,0,1,1,banking_stress,RQI_DII_v1.0,frozen_confirmed_by_researcher
2022-03-13,USDP,Paxos,1.0159259954,0.0159259954,1.0,1.0,984685070.0,739080363.0,1,1,0,1,0,normal,RQI_DII_v1.0,frozen_confirmed_by_researcher
2023-03-12,USDP,Paxos,0.98729,0.01271,1.0,1.0,826745086.0,739080363.0,1,1,0,1,1,banking_stress;regulatory_issuer_stress,RQI_DII_v1.0,frozen_confirmed_by_researcher
2023-08-04,USDP,Paxos,1.01,0.01,1.0,1.0,509126615.0,739080363.0,1,1,0,1,0,normal,RQI_DII_v1.0,frozen_confirmed_by_researcher
2024-04-13,USDP,Paxos,1.013,0.013,1.0,1.0,139745787.0,739080363.0,1,1,0,1,0,normal,RQI_DII_v1.0,frozen_confirmed_by_researcher
2022-01-02,BUSD,Paxos/Binance,1.0053673169,0.0053673169,1.0,0.0,14434991723.0,4123633325.0,1,0,0,1,0,normal,RQI_DII_v1.0,frozen_confirmed_by_researcher
2022-02-05,BUSD,Paxos/Binance,1.009557167,0.009557167,1.0,0.0,16522327509.0,4123633325.0,1,0,0,1,0,normal,RQI_DII_v1.0,frozen_confirmed_by_researcher
2023-03-12,BUSD,Paxos/Binance,0.99328,0.00672,1.0,0.0,8372365326.0,4123633325.0,1,0,0,1,1,banking_stress;regulatory_issuer_stress,RQI_DII_v1.0,frozen_confirmed_by_researcher
2023-03-13,BUSD,Paxos/Binance,1.009,0.009,1.0,0.0,8352113176.0,4123633325.0,1,0,0,1,1,banking_stress;regulatory_issuer_stress,RQI_DII_v1.0,frozen_confirmed_by_researcher
2023-03-19,BUSD,Paxos/Binance,1.006,0.006,1.0,0.0,8201784688.0,4123633325.0,1,0,0,1,1,banking_stress;regulatory_issuer_stress,RQI_DII_v1.0,frozen_confirmed_by_researcher
2023-03-20,BUSD,Paxos/Binance,1.006,0.006,1.0,0.0,8201596843.0,4123633325.0,1,0,0,1,1,banking_stress;regulatory_issuer_stress,RQI_DII_v1.0,frozen_confirmed_by_researcher
2023-03-21,BUSD,Paxos/Binance,1.011,0.011,1.0,1.0,8126306461.0,4123633325.0,1,1,0,1,1,regulatory_issuer_stress,RQI_DII_v1.0,frozen_confirmed_by_researcher
2023-03-23,BUSD,Paxos/Binance,1.006,0.006,1.0,0.0,8042301701.0,4123633325.0,1,0,0,1,1,regulatory_issuer_stress,RQI_DII_v1.0,frozen_confirmed_by_researcher
2023-03-25,BUSD,Paxos/Binance,1.007,0.007,1.0,0.0,8002945081.0,4123633325.0,1,0,0,1,1,regulatory_issuer_stress,RQI_DII_v1.0,frozen_confirmed_by_researcher
2023-03-26,BUSD,Paxos/Binance,1.007,0.007,1.0,0.0,8002983494.0,4123633325.0,1,0,0,1,1,regulatory_issuer_stress,RQI_DII_v1.0,frozen_confirmed_by_researcher
2023-04-27,BUSD,Paxos/Binance,1.006,0.006,1.0,0.0,6292082292.0,4123633325.0,1,0,0,1,0,normal,RQI_DII_v1.0,frozen_confirmed_by_researcher
2023-12-12,BUSD,Paxos/Binance,1.009,0.009,1.0,0.0,1465185130.0,4123633325.0,1,0,0,1,0,normal,RQI_DII_v1.0,frozen_confirmed_by_researcher
2023-12-16,BUSD,Paxos/Binance,0.980236,0.019764,1.0,1.0,1214229551.0,4123633325.0,1,1,0,1,0,normal,RQI_DII_v1.0,frozen_confirmed_by_researcher
2023-12-17,BUSD,Paxos/Binance,0.98706,0.01294,1.0,1.0,1214229551.0,4123633325.0,1,1,0,1,0,normal,RQI_DII_v1.0,frozen_confirmed_by_researcher
2023-12-21,BUSD,Paxos/Binance,1.005,0.005,0.0,0.0,1021476479.0,4123633325.0,1,0,0,1,0,normal,RQI_DII_v1.0,frozen_confirmed_by_researcher
2023-12-27,BUSD,Paxos/Binance,1.005,0.005,0.0,0.0,1019580921.0,4123633325.0,1,0,0,1,0,normal,RQI_DII_v1.0,frozen_confirmed_by_researcher
2023-12-28,BUSD,Paxos/Binance,1.007,0.007,1.0,0.0,1019504200.0,4123633325.0,1,0,0,1,0,normal,RQI_DII_v1.0,frozen_confirmed_by_researcher
2023-12-30,BUSD,Paxos/Binance,1.005,0.005,0.0,0.0,1019504199.0,4123633325.0,1,0,0,1,0,normal,RQI_DII_v1.0,frozen_confirmed_by_researcher
2024-01-02,BUSD,Paxos/Binance,1.005,0.005,0.0,0.0,1019504201.0,4123633325.0,1,0,0,1,0,normal,RQI_DII_v1.0,frozen_confirmed_by_researcher
2024-01-06,BUSD,Paxos/Binance,1.02,0.02,1.0,1.0,933939016.0,4123633325.0,1,1,0,1,0,normal,RQI_DII_v1.0,frozen_confirmed_by_researcher
2024-01-13,BUSD,Paxos/Binance,0.994194,0.005806,1.0,0.0,582571337.0,4123633325.0,1,0,0,1,0,normal,RQI_DII_v1.0,frozen_confirmed_by_researcher
2024-01-16,BUSD,Paxos/Binance,1.006,0.006,1.0,0.0,527496576.0,4123633325.0,1,0,0,1,0,normal,RQI_DII_v1.0,frozen_confirmed_by_researcher
2024-01-19,BUSD,Paxos/Binance,1.005,0.005,0.0,0.0,557956594.0,4123633325.0,1,0,0,1,0,normal,RQI_DII_v1.0,frozen_confirmed_by_researcher
2024-02-12,BUSD,Paxos/Binance,1.008,0.008,1.0,0.0,492727906.0,4123633325.0,1,0,0,1,0,normal,RQI_DII_v1.0,frozen_confirmed_by_researcher
2024-02-13,BUSD,Paxos/Binance,1.005,0.005,0.0,0.0,492727906.0,4123633325.0,1,0,0,1,0,normal,RQI_DII_v1.0,frozen_confirmed_by_researcher
2024-02-15,BUSD,Paxos/Binance,1.009,0.009,1.0,0.0,492727906.0,4123633325.0,1,0,0,1,0,normal,RQI_DII_v1.0,frozen_confirmed_by_researcher
2024-03-08,BUSD,Paxos/Binance,1.006,0.006,1.0,0.0,492727906.0,4123633325.0,1,0,0,1,0,normal,RQI_DII_v1.0,frozen_confirmed_by_researcher
2024-03-09,BUSD,Paxos/Binance,1.005,0.005,0.0,0.0,492727905.0,4123633325.0,1,0,0,1,0,normal,RQI_DII_v1.0,frozen_confirmed_by_researcher
2024-03-10,BUSD,Paxos/Binance,1.008,0.008,1.0,0.0,492727905.0,4123633325.0,1,0,0,1,0,normal,RQI_DII_v1.0,frozen_confirmed_by_researcher
2024-03-11,BUSD,Paxos/Binance,1.01,0.01,1.0,1.0,492727905.0,4123633325.0,1,1,0,1,0,normal,RQI_DII_v1.0,frozen_confirmed_by_researcher
2024-03-12,BUSD,Paxos/Binance,1.021,0.021,1.0,1.0,492727905.0,4123633325.0,1,1,0,1,0,normal,RQI_DII_v1.0,frozen_confirmed_by_researcher
2024-03-13,BUSD,Paxos/Binance,1.019,0.019,1.0,1.0,492727906.0,4123633325.0,1,1,0,1,0,normal,RQI_DII_v1.0,frozen_confirmed_by_researcher
2024-03-14,BUSD,Paxos/Binance,1.041,0.041,1.0,1.0,492727906.0,4123633325.0,1,1,0,1,0,normal,RQI_DII_v1.0,frozen_confirmed_by_researcher
2024-03-15,BUSD,Paxos/Binance,1.028,0.028,1.0,1.0,492727906.0,4123633325.0,1,1,0,1,0,normal,RQI_DII_v1.0,frozen_confirmed_by_researcher
2024-03-16,BUSD,Paxos/Binance,1.032,0.032,1.0,1.0,492727905.0,4123633325.0,1,1,0,1,0,normal,RQI_DII_v1.0,frozen_confirmed_by_researcher
2024-03-17,BUSD,Paxos/Binance,1.007,0.007,1.0,0.0,492727906.0,4123633325.0,1,0,0,1,0,normal,RQI_DII_v1.0,frozen_confirmed_by_researcher
2024-03-31,BUSD,Paxos/Binance,1.008,0.008,1.0,0.0,492727906.0,4123633325.0,1,0,0,1,0,normal,RQI_DII_v1.0,frozen_confirmed_by_researcher
2024-04-01,BUSD,Paxos/Binance,1.009,0.009,1.0,0.0,492727906.0,4123633325.0,1,0,0,1,0,normal,RQI_DII_v1.0,frozen_confirmed_by_researcher
2024-04-06,BUSD,Paxos/Binance,1.007,0.007,1.0,0.0,478727907.0,4123633325.0,1,0,0,1,0,normal,RQI_DII_v1.0,frozen_confirmed_by_researcher
2024-04-07,BUSD,Paxos/Binance,1.006,0.006,1.0,0.0,478727907.0,4123633325.0,1,0,0,1,0,normal,RQI_DII_v1.0,frozen_confirmed_by_researcher
2024-04-23,BUSD,Paxos/Binance,1.005,0.005,0.0,0.0,478727906.0,4123633325.0,1,0,0,1,0,normal,RQI_DII_v1.0,frozen_confirmed_by_researcher
2024-05-03,BUSD,Paxos/Binance,0.994484,0.005516,1.0,0.0,478727906.0,4123633325.0,1,0,0,1,0,normal,RQI_DII_v1.0,frozen_confirmed_by_researcher
2024-05-15,BUSD,Paxos/Binance,1.009,0.009,1.0,0.0,478727906.0,4123633325.0,1,0,0,1,0,normal,RQI_DII_v1.0,frozen_confirmed_by_researcher
2024-05-22,BUSD,Paxos/Binance,1.006,0.006,1.0,0.0,478727906.0,4123633325.0,1,0,0,1,0,normal,RQI_DII_v1.0,frozen_confirmed_by_researcher
2024-06-12,BUSD,Paxos/Binance,0.992619,0.007381,1.0,0.0,478727905.0,4123633325.0,1,0,0,1,0,normal,RQI_DII_v1.0,frozen_confirmed_by_researcher
2024-06-13,BUSD,Paxos/Binance,0.980712,0.019288,1.0,1.0,478727905.0,4123633325.0,1,1,0,1,0,normal,RQI_DII_v1.0,frozen_confirmed_by_researcher
2024-06-15,BUSD,Paxos/Binance,0.993879,0.006121,1.0,0.0,478727935.0,4123633325.0,1,0,0,1,0,normal,RQI_DII_v1.0,frozen_confirmed_by_researcher
2024-06-16,BUSD,Paxos/Binance,0.984426,0.015574,1.0,1.0,478727906.0,4123633325.0,1,1,0,1,0,normal,RQI_DII_v1.0,frozen_confirmed_by_researcher
2024-06-17,BUSD,Paxos/Binance,0.989807,0.010193,1.0,1.0,478727906.0,4123633325.0,1,1,0,1,0,normal,RQI_DII_v1.0,frozen_confirmed_by_researcher
2024-06-19,BUSD,Paxos/Binance,0.973897,0.026103,1.0,1.0,478727906.0,4123633325.0,1,1,0,1,0,normal,RQI_DII_v1.0,frozen_confirmed_by_researcher
2024-06-20,BUSD,Paxos/Binance,0.94553,0.05447,1.0,1.0,478727906.0,4123633325.0,1,1,0,1,0,normal,RQI_DII_v1.0,frozen_confirmed_by_researcher
2024-06-21,BUSD,Paxos/Binance,0.936262,0.063738,1.0,1.0,478727906.0,4123633325.0,1,1,0,1,0,normal,RQI_DII_v1.0,frozen_confirmed_by_researcher
2024-06-22,BUSD,Paxos/Binance,0.970164,0.029836,1.0,1.0,478727906.0,4123633325.0,1,1,0,1,0,normal,RQI_DII_v1.0,frozen_confirmed_by_researcher
2024-06-23,BUSD,Paxos/Binance,0.941476,0.058524,1.0,1.0,478727905.0,4123633325.0,1,1,0,1,0,normal,RQI_DII_v1.0,frozen_confirmed_by_researcher
2024-07-04,BUSD,Paxos/Binance,0.991508,0.008492,1.0,0.0,477727905.0,4123633325.0,1,0,0,1,0,normal,RQI_DII_v1.0,frozen_confirmed_by_researcher
2024-07-05,BUSD,Paxos/Binance,0.985777,0.014223,1.0,1.0,477727905.0,4123633325.0,1,1,0,1,0,normal,RQI_DII_v1.0,frozen_confirmed_by_researcher
2024-07-06,BUSD,Paxos/Binance,1.008,0.008,1.0,0.0,477727905.0,4123633325.0,1,0,0,1,0,normal,RQI_DII_v1.0,frozen_confirmed_by_researcher
2024-07-07,BUSD,Paxos/Binance,0.978286,0.021714,1.0,1.0,477727905.0,4123633325.0,1,1,0,1,0,normal,RQI_DII_v1.0,frozen_confirmed_by_researcher
2024-07-09,BUSD,Paxos/Binance,0.990983,0.009017,1.0,0.0,477727905.0,4123633325.0,1,0,0,1,0,normal,RQI_DII_v1.0,frozen_confirmed_by_researcher
2024-07-12,BUSD,Paxos/Binance,1.006,0.006,1.0,0.0,477727905.0,4123633325.0,1,0,0,1,0,normal,RQI_DII_v1.0,frozen_confirmed_by_researcher
2024-07-13,BUSD,Paxos/Binance,1.018,0.018,1.0,1.0,477728007.0,4123633325.0,1,1,0,1,0,normal,RQI_DII_v1.0,frozen_confirmed_by_researcher
2024-07-15,BUSD,Paxos/Binance,1.025,0.025,1.0,1.0,477727905.0,4123633325.0,1,1,0,1,0,normal,RQI_DII_v1.0,frozen_confirmed_by_researcher
2024-07-16,BUSD,Paxos/Binance,0.993639,0.006361,1.0,0.0,477727905.0,4123633325.0,1,0,0,1,0,normal,RQI_DII_v1.0,frozen_confirmed_by_researcher
2024-07-17,BUSD,Paxos/Binance,0.976796,0.023204,1.0,1.0,477727905.0,4123633325.0,1,1,0,1,0,normal,RQI_DII_v1.0,frozen_confirmed_by_researcher
2024-07-18,BUSD,Paxos/Binance,0.940649,0.059351,1.0,1.0,477727905.0,4123633325.0,1,1,0,1,0,normal,RQI_DII_v1.0,frozen_confirmed_by_researcher
2024-07-19,BUSD,Paxos/Binance,0.98745,0.01255,1.0,1.0,477727905.0,4123633325.0,1,1,0,1,0,normal,RQI_DII_v1.0,frozen_confirmed_by_researcher
2024-07-21,BUSD,Paxos/Binance,1.009,0.009,1.0,0.0,477727905.0,4123633325.0,1,0,0,1,0,normal,RQI_DII_v1.0,frozen_confirmed_by_researcher
2024-07-24,BUSD,Paxos/Binance,0.976574,0.023426,1.0,1.0,477727905.0,4123633325.0,1,1,0,1,0,normal,RQI_DII_v1.0,frozen_confirmed_by_researcher
2024-07-30,BUSD,Paxos/Binance,0.983836,0.016164,1.0,1.0,477727905.0,4123633325.0,1,1,0,1,0,normal,RQI_DII_v1.0,frozen_confirmed_by_researcher
2024-07-31,BUSD,Paxos/Binance,0.951898,0.048102,1.0,1.0,477727905.0,4123633325.0,1,1,0,1,0,normal,RQI_DII_v1.0,frozen_confirmed_by_researcher
2024-08-07,BUSD,Paxos/Binance,0.992524,0.007476,1.0,0.0,477727905.0,4123633325.0,1,0,0,1,0,normal,RQI_DII_v1.0,frozen_confirmed_by_researcher
2024-08-28,BUSD,Paxos/Binance,1.006,0.006,1.0,0.0,477727906.0,4123633325.0,1,0,0,1,0,normal,RQI_DII_v1.0,frozen_confirmed_by_researcher
2024-08-31,BUSD,Paxos/Binance,0.992599,0.007401,1.0,0.0,477727906.0,4123633325.0,1,0,0,1,0,normal,RQI_DII_v1.0,frozen_confirmed_by_researcher
2024-09-01,BUSD,Paxos/Binance,0.99172,0.00828,1.0,0.0,477727906.0,4123633325.0,1,0,0,1,0,normal,RQI_DII_v1.0,frozen_confirmed_by_researcher
2024-09-10,BUSD,Paxos/Binance,0.987738,0.012262,1.0,1.0,477727906.0,4123633325.0,1,1,0,1,0,normal,RQI_DII_v1.0,frozen_confirmed_by_researcher
2024-09-12,BUSD,Paxos/Binance,0.994293,0.005707,1.0,0.0,477727906.0,4123633325.0,1,0,0,1,0,normal,RQI_DII_v1.0,frozen_confirmed_by_researcher
2024-09-18,BUSD,Paxos/Binance,0.966092,0.033908,1.0,1.0,477727906.0,4123633325.0,1,1,0,1,0,normal,RQI_DII_v1.0,frozen_confirmed_by_researcher
2024-09-19,BUSD,Paxos/Binance,0.974775,0.025225,1.0,1.0,477727906.0,4123633325.0,1,1,0,1,0,normal,RQI_DII_v1.0,frozen_confirmed_by_researcher
2024-09-22,BUSD,Paxos/Binance,0.977966,0.022034,1.0,1.0,477727906.0,4123633325.0,1,1,0,1,0,normal,RQI_DII_v1.0,frozen_confirmed_by_researcher
2024-09-23,BUSD,Paxos/Binance,0.993915,0.006085,1.0,0.0,477727906.0,4123633325.0,1,0,0,1,0,normal,RQI_DII_v1.0,frozen_confirmed_by_researcher
2024-09-25,BUSD,Paxos/Binance,0.97531,0.02469,1.0,1.0,477727906.0,4123633325.0,1,1,0,1,0,normal,RQI_DII_v1.0,frozen_confirmed_by_researcher
2024-09-29,BUSD,Paxos/Binance,0.982496,0.017504,1.0,1.0,477727906.0,4123633325.0,1,1,0,1,0,normal,RQI_DII_v1.0,frozen_confirmed_by_researcher
2024-09-30,BUSD,Paxos/Binance,0.982945,0.017055,1.0,1.0,477727907.0,4123633325.0,1,1,0,1,0,normal,RQI_DII_v1.0,frozen_confirmed_by_researcher
2024-10-01,BUSD,Paxos/Binance,0.982871,0.017129,1.0,1.0,477727906.0,4123633325.0,1,1,0,1,0,normal,RQI_DII_v1.0,frozen_confirmed_by_researcher
2024-10-02,BUSD,Paxos/Binance,0.964873,0.035127,1.0,1.0,477727906.0,4123633325.0,1,1,0,1,0,normal,RQI_DII_v1.0,frozen_confirmed_by_researcher
2024-10-04,BUSD,Paxos/Binance,0.989991,0.010009,1.0,1.0,477727906.0,4123633325.0,1,1,0,1,0,normal,RQI_DII_v1.0,frozen_confirmed_by_researcher
2024-10-05,BUSD,Paxos/Binance,0.993987,0.006013,1.0,0.0,477727906.0,4123633325.0,1,0,0,1,0,normal,RQI_DII_v1.0,frozen_confirmed_by_researcher
2024-10-06,BUSD,Paxos/Binance,0.987512,0.012488,1.0,1.0,477727906.0,4123633325.0,1,1,0,1,0,normal,RQI_DII_v1.0,frozen_confirmed_by_researcher
2024-10-07,BUSD,Paxos/Binance,0.985095,0.014905,1.0,1.0,477727906.0,4123633325.0,1,1,0,1,0,normal,RQI_DII_v1.0,frozen_confirmed_by_researcher
2024-10-09,BUSD,Paxos/Binance,0.982455,0.017545,1.0,1.0,477727906.0,4123633325.0,1,1,0,1,0,normal,RQI_DII_v1.0,frozen_confirmed_by_researcher
2024-10-10,BUSD,Paxos/Binance,0.990743,0.009257,1.0,0.0,477727906.0,4123633325.0,1,0,0,1,0,normal,RQI_DII_v1.0,frozen_confirmed_by_researcher
2024-10-11,BUSD,Paxos/Binance,0.99438,0.00562,1.0,0.0,477727906.0,4123633325.0,1,0,0,1,0,normal,RQI_DII_v1.0,frozen_confirmed_by_researcher
2024-10-12,BUSD,Paxos/Binance,0.994756,0.005244,1.0,0.0,477727906.0,4123633325.0,1,0,0,1,0,normal,RQI_DII_v1.0,frozen_confirmed_by_researcher
2024-10-13,BUSD,Paxos/Binance,0.992144,0.007856,1.0,0.0,477727906.0,4123633325.0,1,0,0,1,0,normal,RQI_DII_v1.0,frozen_confirmed_by_researcher
2024-10-14,BUSD,Paxos/Binance,0.982869,0.017131,1.0,1.0,477727906.0,4123633325.0,1,1,0,1,0,normal,RQI_DII_v1.0,frozen_confirmed_by_researcher
2024-10-15,BUSD,Paxos/Binance,0.990647,0.009353,1.0,0.0,477727906.0,4123633325.0,1,0,0,1,0,normal,RQI_DII_v1.0,frozen_confirmed_by_researcher
2024-10-16,BUSD,Paxos/Binance,0.990042,0.009958,1.0,0.0,477727907.0,4123633325.0,1,0,0,1,0,normal,RQI_DII_v1.0,frozen_confirmed_by_researcher
2024-10-17,BUSD,Paxos/Binance,0.986749,0.013251,1.0,1.0,477727907.0,4123633325.0,1,1,0,1,0,normal,RQI_DII_v1.0,frozen_confirmed_by_researcher
2024-10-18,BUSD,Paxos/Binance,0.979576,0.020424,1.0,1.0,477727907.0,4123633325.0,1,1,0,1,0,normal,RQI_DII_v1.0,frozen_confirmed_by_researcher
2024-10-19,BUSD,Paxos/Binance,0.976049,0.023951,1.0,1.0,477727907.0,4123633325.0,1,1,0,1,0,normal,RQI_DII_v1.0,frozen_confirmed_by_researcher
2024-10-20,BUSD,Paxos/Binance,0.969637,0.030363,1.0,1.0,477727907.0,4123633325.0,1,1,0,1,0,normal,RQI_DII_v1.0,frozen_confirmed_by_researcher
2024-10-21,BUSD,Paxos/Binance,0.962406,0.037594,1.0,1.0,477727906.0,4123633325.0,1,1,0,1,0,normal,RQI_DII_v1.0,frozen_confirmed_by_researcher
2024-10-22,BUSD,Paxos/Binance,0.981845,0.018155,1.0,1.0,476439940.0,4123633325.0,1,1,0,1,0,normal,RQI_DII_v1.0,frozen_confirmed_by_researcher
2024-10-24,BUSD,Paxos/Binance,0.990211,0.009789,1.0,0.0,476439939.0,4123633325.0,1,0,0,1,0,normal,RQI_DII_v1.0,frozen_confirmed_by_researcher
2024-10-25,BUSD,Paxos/Binance,0.993508,0.006492,1.0,0.0,476439939.0,4123633325.0,1,0,0,1,0,normal,RQI_DII_v1.0,frozen_confirmed_by_researcher
2024-10-27,BUSD,Paxos/Binance,0.994237,0.005763,1.0,0.0,476439939.0,4123633325.0,1,0,0,1,0,normal,RQI_DII_v1.0,frozen_confirmed_by_researcher
2024-10-28,BUSD,Paxos/Binance,0.963382,0.036618,1.0,1.0,476439939.0,4123633325.0,1,1,0,1,0,normal,RQI_DII_v1.0,frozen_confirmed_by_researcher
2024-10-31,BUSD,Paxos/Binance,0.987215,0.012785,1.0,1.0,476439939.0,4123633325.0,1,1,0,1,0,normal,RQI_DII_v1.0,frozen_confirmed_by_researcher
2024-11-02,BUSD,Paxos/Binance,0.974078,0.025922,1.0,1.0,476439939.0,4123633325.0,1,1,0,1,0,normal,RQI_DII_v1.0,frozen_confirmed_by_researcher
2024-11-03,BUSD,Paxos/Binance,0.985754,0.014246,1.0,1.0,476439939.0,4123633325.0,1,1,0,1,0,normal,RQI_DII_v1.0,frozen_confirmed_by_researcher
2024-11-06,BUSD,Paxos/Binance,1.047,0.047,1.0,1.0,476439939.0,4123633325.0,1,1,0,1,0,normal,RQI_DII_v1.0,frozen_confirmed_by_researcher
2024-11-11,BUSD,Paxos/Binance,1.005,0.005,0.0,0.0,476439939.0,4123633325.0,1,0,0,1,0,normal,RQI_DII_v1.0,frozen_confirmed_by_researcher
2024-11-14,BUSD,Paxos/Binance,0.992448,0.007552,1.0,0.0,476439938.0,4123633325.0,1,0,0,1,0,normal,RQI_DII_v1.0,frozen_confirmed_by_researcher
2024-11-15,BUSD,Paxos/Binance,0.983928,0.016072,1.0,1.0,476439938.0,4123633325.0,1,1,0,1,0,normal,RQI_DII_v1.0,frozen_confirmed_by_researcher
2024-11-16,BUSD,Paxos/Binance,0.990814,0.009186,1.0,0.0,476439938.0,4123633325.0,1,0,0,1,0,normal,RQI_DII_v1.0,frozen_confirmed_by_researcher
2024-11-18,BUSD,Paxos/Binance,0.990904,0.009096,1.0,0.0,476439939.0,4123633325.0,1,0,0,1,0,normal,RQI_DII_v1.0,frozen_confirmed_by_researcher
2024-11-19,BUSD,Paxos/Binance,0.994993,0.005007,1.0,0.0,476439939.0,4123633325.0,1,0,0,1,0,normal,RQI_DII_v1.0,frozen_confirmed_by_researcher
2024-11-21,BUSD,Paxos/Binance,0.98122,0.01878,1.0,1.0,476439939.0,4123633325.0,1,1,0,1,0,normal,RQI_DII_v1.0,frozen_confirmed_by_researcher
2024-11-22,BUSD,Paxos/Binance,0.970395,0.029605,1.0,1.0,476439939.0,4123633325.0,1,1,0,1,0,normal,RQI_DII_v1.0,frozen_confirmed_by_researcher
2024-11-23,BUSD,Paxos/Binance,0.991115,0.008885,1.0,0.0,476439939.0,4123633325.0,1,0,0,1,0,normal,RQI_DII_v1.0,frozen_confirmed_by_researcher
2024-11-25,BUSD,Paxos/Binance,1.008,0.008,1.0,0.0,476439939.0,4123633325.0,1,0,0,1,0,normal,RQI_DII_v1.0,frozen_confirmed_by_researcher
2024-11-26,BUSD,Paxos/Binance,0.993791,0.006209,1.0,0.0,476439939.0,4123633325.0,1,0,0,1,0,normal,RQI_DII_v1.0,frozen_confirmed_by_researcher
2024-11-27,BUSD,Paxos/Binance,0.991426,0.008574,1.0,0.0,476439939.0,4123633325.0,1,0,0,1,0,normal,RQI_DII_v1.0,frozen_confirmed_by_researcher
2024-11-28,BUSD,Paxos/Binance,0.958347,0.041653,1.0,1.0,476439939.0,4123633325.0,1,1,0,1,0,normal,RQI_DII_v1.0,frozen_confirmed_by_researcher
2024-11-30,BUSD,Paxos/Binance,1.015,0.015,1.0,1.0,476439938.0,4123633325.0,1,1,0,1,0,normal,RQI_DII_v1.0,frozen_confirmed_by_researcher
2024-12-01,BUSD,Paxos/Binance,1.011,0.011,1.0,1.0,476439938.0,4123633325.0,1,1,0,1,0,normal,RQI_DII_v1.0,frozen_confirmed_by_researcher
2024-12-02,BUSD,Paxos/Binance,0.98241,0.01759,1.0,1.0,476439939.0,4123633325.0,1,1,0,1,0,normal,RQI_DII_v1.0,frozen_confirmed_by_researcher
2024-12-03,BUSD,Paxos/Binance,0.926213,0.073787,1.0,1.0,476439939.0,4123633325.0,1,1,0,1,0,normal,RQI_DII_v1.0,frozen_confirmed_by_researcher
2024-12-04,BUSD,Paxos/Binance,0.96593,0.03407,1.0,1.0,476439939.0,4123633325.0,1,1,0,1,0,normal,RQI_DII_v1.0,frozen_confirmed_by_researcher
2024-12-05,BUSD,Paxos/Binance,0.963058,0.036942,1.0,1.0,476439939.0,4123633325.0,1,1,0,1,0,normal,RQI_DII_v1.0,frozen_confirmed_by_researcher
2024-12-06,BUSD,Paxos/Binance,0.988223,0.011777,1.0,1.0,476439938.0,4123633325.0,1,1,0,1,0,normal,RQI_DII_v1.0,frozen_confirmed_by_researcher
2024-12-07,BUSD,Paxos/Binance,0.991418,0.008582,1.0,0.0,476439938.0,4123633325.0,1,0,0,1,0,normal,RQI_DII_v1.0,frozen_confirmed_by_researcher
2024-12-08,BUSD,Paxos/Binance,0.870892,0.129108,1.0,1.0,476439938.0,4123633325.0,1,1,0,1,0,normal,RQI_DII_v1.0,frozen_confirmed_by_researcher
2024-12-09,BUSD,Paxos/Binance,0.930497,0.069503,1.0,1.0,476439938.0,4123633325.0,1,1,0,1,0,normal,RQI_DII_v1.0,frozen_confirmed_by_researcher
2024-12-10,BUSD,Paxos/Binance,1.033,0.033,1.0,1.0,476439938.0,4123633325.0,1,1,0,1,0,normal,RQI_DII_v1.0,frozen_confirmed_by_researcher
2024-12-11,BUSD,Paxos/Binance,0.956164,0.043836,1.0,1.0,476439938.0,4123633325.0,1,1,0,1,0,normal,RQI_DII_v1.0,frozen_confirmed_by_researcher
2024-12-12,BUSD,Paxos/Binance,1.023,0.023,1.0,1.0,476439938.0,4123633325.0,1,1,0,1,0,normal,RQI_DII_v1.0,frozen_confirmed_by_researcher
2024-12-13,BUSD,Paxos/Binance,0.981103,0.018897,1.0,1.0,476439938.0,4123633325.0,1,1,0,1,0,normal,RQI_DII_v1.0,frozen_confirmed_by_researcher
2024-12-14,BUSD,Paxos/Binance,0.982493,0.017507,1.0,1.0,476439938.0,4123633325.0,1,1,0,1,0,normal,RQI_DII_v1.0,frozen_confirmed_by_researcher
2024-12-17,BUSD,Paxos/Binance,0.96998,0.03002,1.0,1.0,476439938.0,4123633325.0,1,1,0,1,0,normal,RQI_DII_v1.0,frozen_confirmed_by_researcher
2024-12-18,BUSD,Paxos/Binance,0.975916,0.024084,1.0,1.0,476439938.0,4123633325.0,1,1,0,1,0,normal,RQI_DII_v1.0,frozen_confirmed_by_researcher
2024-12-19,BUSD,Paxos/Binance,1.051,0.051,1.0,1.0,476439939.0,4123633325.0,1,1,0,1,0,normal,RQI_DII_v1.0,frozen_confirmed_by_researcher
2024-12-20,BUSD,Paxos/Binance,1.008,0.008,1.0,0.0,476439939.0,4123633325.0,1,0,0,1,0,normal,RQI_DII_v1.0,frozen_confirmed_by_researcher
2024-12-22,BUSD,Paxos/Binance,0.974225,0.025775,1.0,1.0,476439939.0,4123633325.0,1,1,0,1,0,normal,RQI_DII_v1.0,frozen_confirmed_by_researcher
2024-12-23,BUSD,Paxos/Binance,1.013,0.013,1.0,1.0,476439939.0,4123633325.0,1,1,0,1,0,normal,RQI_DII_v1.0,frozen_confirmed_by_researcher
2024-12-24,BUSD,Paxos/Binance,0.994886,0.005114,1.0,0.0,476439939.0,4123633325.0,1,0,0,1,0,normal,RQI_DII_v1.0,frozen_confirmed_by_researcher
2024-12-25,BUSD,Paxos/Binance,0.982272,0.017728,1.0,1.0,476439939.0,4123633325.0,1,1,0,1,0,normal,RQI_DII_v1.0,frozen_confirmed_by_researcher
2024-12-26,BUSD,Paxos/Binance,0.945483,0.054517,1.0,1.0,476439939.0,4123633325.0,1,1,0,1,0,normal,RQI_DII_v1.0,frozen_confirmed_by_researcher
2024-12-29,BUSD,Paxos/Binance,0.990254,0.009746,1.0,0.0,476439938.0,4123633325.0,1,0,0,1,0,normal,RQI_DII_v1.0,frozen_confirmed_by_researcher
2024-12-31,BUSD,Paxos/Binance,0.994413,0.005587,1.0,0.0,476439940.0,4123633325.0,1,0,0,1,0,normal,RQI_DII_v1.0,frozen_confirmed_by_researcher
2022-01-02,TUSD,Techteryx/TrueUSD,1.005760559,0.005760559,1.0,0.0,958803427.0,1109940489.5,1,0,0,1,0,normal,RQI_DII_v1.0,frozen_confirmed_by_researcher
2022-01-25,TUSD,Techteryx/TrueUSD,1.0055341548,0.0055341548,1.0,0.0,1079487460.0,1109940489.5,1,0,0,1,0,normal,RQI_DII_v1.0,frozen_confirmed_by_researcher
2022-01-28,TUSD,Techteryx/TrueUSD,1.0054422708,0.0054422708,1.0,0.0,1149623078.0,1109940489.5,1,0,0,1,0,normal,RQI_DII_v1.0,frozen_confirmed_by_researcher
2022-02-05,TUSD,Techteryx/TrueUSD,1.0075904152,0.0075904152,1.0,0.0,1183636825.0,1109940489.5,1,0,0,1,0,normal,RQI_DII_v1.0,frozen_confirmed_by_researcher
2023-03-16,TUSD,Techteryx/TrueUSD,1.006,0.006,1.0,0.0,2026285043.0,1109940489.5,1,0,0,1,1,banking_stress,RQI_DII_v1.0,frozen_confirmed_by_researcher
2023-03-17,TUSD,Techteryx/TrueUSD,1.005,0.005,0.0,0.0,2025593243.0,1109940489.5,1,0,0,1,1,banking_stress,RQI_DII_v1.0,frozen_confirmed_by_researcher
2023-03-19,TUSD,Techteryx/TrueUSD,1.007,0.007,1.0,0.0,2029673292.0,1109940489.5,1,0,0,1,1,banking_stress,RQI_DII_v1.0,frozen_confirmed_by_researcher
2023-03-20,TUSD,Techteryx/TrueUSD,1.007,0.007,1.0,0.0,2029622639.0,1109940489.5,1,0,0,1,1,banking_stress,RQI_DII_v1.0,frozen_confirmed_by_researcher
2023-03-21,TUSD,Techteryx/TrueUSD,1.009,0.009,1.0,0.0,2029508727.0,1109940489.5,1,0,0,1,0,normal,RQI_DII_v1.0,frozen_confirmed_by_researcher
2023-03-22,TUSD,Techteryx/TrueUSD,1.006,0.006,1.0,0.0,2034881580.0,1109940489.5,1,0,0,1,0,normal,RQI_DII_v1.0,frozen_confirmed_by_researcher
2023-03-25,TUSD,Techteryx/TrueUSD,1.007,0.007,1.0,0.0,2042310908.0,1109940489.5,1,0,0,1,0,normal,RQI_DII_v1.0,frozen_confirmed_by_researcher
2023-03-26,TUSD,Techteryx/TrueUSD,1.007,0.007,1.0,0.0,2042293147.0,1109940489.5,1,0,0,1,0,normal,RQI_DII_v1.0,frozen_confirmed_by_researcher
2023-04-17,TUSD,Techteryx/TrueUSD,0.994733,0.005267,1.0,0.0,2152912396.0,1109940489.5,1,0,0,1,0,normal,RQI_DII_v1.0,frozen_confirmed_by_researcher
2023-05-01,TUSD,Techteryx/TrueUSD,1.01,0.01,1.0,1.0,1995174903.0,1109940489.5,1,1,0,1,0,normal,RQI_DII_v1.0,frozen_confirmed_by_researcher
2023-10-24,TUSD,Techteryx/TrueUSD,1.007,0.007,1.0,0.0,3335533071.0,1109940489.5,1,0,0,1,0,normal,RQI_DII_v1.0,frozen_confirmed_by_researcher
2024-01-09,TUSD,Techteryx/TrueUSD,0.994583,0.005417,1.0,0.0,2160937845.0,1109940489.5,1,0,0,1,0,normal,RQI_DII_v1.0,frozen_confirmed_by_researcher
2024-01-10,TUSD,Techteryx/TrueUSD,0.994177,0.005823,1.0,0.0,2143679471.0,1109940489.5,1,0,0,1,0,normal,RQI_DII_v1.0,frozen_confirmed_by_researcher
2024-01-13,TUSD,Techteryx/TrueUSD,0.993615,0.006385,1.0,0.0,2020113017.0,1109940489.5,1,0,0,1,0,normal,RQI_DII_v1.0,frozen_confirmed_by_researcher
2024-01-14,TUSD,Techteryx/TrueUSD,0.994339,0.005661,1.0,0.0,2020113017.0,1109940489.5,1,0,0,1,0,normal,RQI_DII_v1.0,frozen_confirmed_by_researcher
2024-01-16,TUSD,Techteryx/TrueUSD,0.987684,0.012316,1.0,1.0,1895113029.0,1109940489.5,1,1,0,1,0,normal,RQI_DII_v1.0,frozen_confirmed_by_researcher
2024-01-17,TUSD,Techteryx/TrueUSD,0.988821,0.011179,1.0,1.0,1881489152.0,1109940489.5,1,1,0,1,0,normal,RQI_DII_v1.0,frozen_confirmed_by_researcher
2024-01-18,TUSD,Techteryx/TrueUSD,0.982799,0.017201,1.0,1.0,1881489152.0,1109940489.5,1,1,0,1,0,normal,RQI_DII_v1.0,frozen_confirmed_by_researcher
2024-01-19,TUSD,Techteryx/TrueUSD,0.986427,0.013573,1.0,1.0,1879310152.0,1109940489.5,1,1,0,1,0,normal,RQI_DII_v1.0,frozen_confirmed_by_researcher
2024-01-20,TUSD,Techteryx/TrueUSD,0.985858,0.014142,1.0,1.0,1924189516.0,1109940489.5,1,1,0,1,0,normal,RQI_DII_v1.0,frozen_confirmed_by_researcher
2024-01-21,TUSD,Techteryx/TrueUSD,0.987972,0.012028,1.0,1.0,1924189516.0,1109940489.5,1,1,0,1,0,normal,RQI_DII_v1.0,frozen_confirmed_by_researcher
2024-01-22,TUSD,Techteryx/TrueUSD,0.98685,0.01315,1.0,1.0,1874244981.0,1109940489.5,1,1,0,1,0,normal,RQI_DII_v1.0,frozen_confirmed_by_researcher
2024-01-23,TUSD,Techteryx/TrueUSD,0.982878,0.017122,1.0,1.0,1874244981.0,1109940489.5,1,1,0,1,0,normal,RQI_DII_v1.0,frozen_confirmed_by_researcher
2024-01-24,TUSD,Techteryx/TrueUSD,0.983434,0.016566,1.0,1.0,1835786996.0,1109940489.5,1,1,0,1,0,normal,RQI_DII_v1.0,frozen_confirmed_by_researcher
2024-01-25,TUSD,Techteryx/TrueUSD,0.984739,0.015261,1.0,1.0,1833880778.0,1109940489.5,1,1,0,1,0,normal,RQI_DII_v1.0,frozen_confirmed_by_researcher
2024-01-26,TUSD,Techteryx/TrueUSD,0.982561,0.017439,1.0,1.0,1833880778.0,1109940489.5,1,1,0,1,0,normal,RQI_DII_v1.0,frozen_confirmed_by_researcher
2024-01-27,TUSD,Techteryx/TrueUSD,0.989399,0.010601,1.0,1.0,1589282093.0,1109940489.5,1,1,0,1,0,normal,RQI_DII_v1.0,frozen_confirmed_by_researcher
2024-01-28,TUSD,Techteryx/TrueUSD,0.988331,0.011669,1.0,1.0,1589282093.0,1109940489.5,1,1,0,1,0,normal,RQI_DII_v1.0,frozen_confirmed_by_researcher
2024-01-29,TUSD,Techteryx/TrueUSD,0.990086,0.009914,1.0,0.0,1589282093.0,1109940489.5,1,0,0,1,0,normal,RQI_DII_v1.0,frozen_confirmed_by_researcher
2024-01-30,TUSD,Techteryx/TrueUSD,0.989869,0.010131,1.0,1.0,1589282093.0,1109940489.5,1,1,0,1,0,normal,RQI_DII_v1.0,frozen_confirmed_by_researcher
2024-01-31,TUSD,Techteryx/TrueUSD,0.988111,0.011889,1.0,1.0,1458282093.0,1109940489.5,1,1,0,1,0,normal,RQI_DII_v1.0,frozen_confirmed_by_researcher
2024-02-01,TUSD,Techteryx/TrueUSD,0.984718,0.015282,1.0,1.0,1458282093.0,1109940489.5,1,1,0,1,0,normal,RQI_DII_v1.0,frozen_confirmed_by_researcher
2024-02-02,TUSD,Techteryx/TrueUSD,0.989496,0.010504,1.0,1.0,1458282093.0,1109940489.5,1,1,0,1,0,normal,RQI_DII_v1.0,frozen_confirmed_by_researcher
2024-02-03,TUSD,Techteryx/TrueUSD,0.989008,0.010992,1.0,1.0,1458282092.0,1109940489.5,1,1,0,1,0,normal,RQI_DII_v1.0,frozen_confirmed_by_researcher
2024-02-04,TUSD,Techteryx/TrueUSD,0.986138,0.013862,1.0,1.0,1458282092.0,1109940489.5,1,1,0,1,0,normal,RQI_DII_v1.0,frozen_confirmed_by_researcher
2024-02-05,TUSD,Techteryx/TrueUSD,0.985457,0.014543,1.0,1.0,1458282092.0,1109940489.5,1,1,0,1,0,normal,RQI_DII_v1.0,frozen_confirmed_by_researcher
2024-02-06,TUSD,Techteryx/TrueUSD,0.98092,0.01908,1.0,1.0,1458282092.0,1109940489.5,1,1,0,1,0,normal,RQI_DII_v1.0,frozen_confirmed_by_researcher
2024-02-07,TUSD,Techteryx/TrueUSD,0.985778,0.014222,1.0,1.0,1458282092.0,1109940489.5,1,1,0,1,0,normal,RQI_DII_v1.0,frozen_confirmed_by_researcher
2024-02-08,TUSD,Techteryx/TrueUSD,0.989572,0.010428,1.0,1.0,1458281092.0,1109940489.5,1,1,0,1,0,normal,RQI_DII_v1.0,frozen_confirmed_by_researcher
2024-02-09,TUSD,Techteryx/TrueUSD,0.981526,0.018474,1.0,1.0,1458281092.0,1109940489.5,1,1,0,1,0,normal,RQI_DII_v1.0,frozen_confirmed_by_researcher
2024-02-10,TUSD,Techteryx/TrueUSD,0.983566,0.016434,1.0,1.0,1458281092.0,1109940489.5,1,1,0,1,0,normal,RQI_DII_v1.0,frozen_confirmed_by_researcher
2024-02-11,TUSD,Techteryx/TrueUSD,0.984302,0.015698,1.0,1.0,1458281092.0,1109940489.5,1,1,0,1,0,normal,RQI_DII_v1.0,frozen_confirmed_by_researcher
2024-02-12,TUSD,Techteryx/TrueUSD,0.987557,0.012443,1.0,1.0,1458281093.0,1109940489.5,1,1,0,1,0,normal,RQI_DII_v1.0,frozen_confirmed_by_researcher
2024-02-13,TUSD,Techteryx/TrueUSD,0.983095,0.016905,1.0,1.0,1258281092.0,1109940489.5,1,1,0,1,0,normal,RQI_DII_v1.0,frozen_confirmed_by_researcher
2024-02-14,TUSD,Techteryx/TrueUSD,0.986196,0.013804,1.0,1.0,1258181092.0,1109940489.5,1,1,0,1,0,normal,RQI_DII_v1.0,frozen_confirmed_by_researcher
2024-02-15,TUSD,Techteryx/TrueUSD,0.993426,0.006574,1.0,0.0,1258181092.0,1109940489.5,1,0,0,1,0,normal,RQI_DII_v1.0,frozen_confirmed_by_researcher
2024-02-16,TUSD,Techteryx/TrueUSD,0.98159,0.01841,1.0,1.0,1258181092.0,1109940489.5,1,1,0,1,0,normal,RQI_DII_v1.0,frozen_confirmed_by_researcher
2024-02-17,TUSD,Techteryx/TrueUSD,0.977381,0.022619,1.0,1.0,1258181092.0,1109940489.5,1,1,0,1,0,normal,RQI_DII_v1.0,frozen_confirmed_by_researcher
2024-02-18,TUSD,Techteryx/TrueUSD,0.974511,0.025489,1.0,1.0,1258181092.0,1109940489.5,1,1,0,1,0,normal,RQI_DII_v1.0,frozen_confirmed_by_researcher
2024-02-19,TUSD,Techteryx/TrueUSD,0.98054,0.01946,1.0,1.0,1258281092.0,1109940489.5,1,1,0,1,0,normal,RQI_DII_v1.0,frozen_confirmed_by_researcher
2024-02-20,TUSD,Techteryx/TrueUSD,0.976714,0.023286,1.0,1.0,1258281092.0,1109940489.5,1,1,0,1,0,normal,RQI_DII_v1.0,frozen_confirmed_by_researcher
2024-02-21,TUSD,Techteryx/TrueUSD,0.97577,0.02423,1.0,1.0,1258281092.0,1109940489.5,1,1,0,1,0,normal,RQI_DII_v1.0,frozen_confirmed_by_researcher
2024-02-22,TUSD,Techteryx/TrueUSD,0.974042,0.025958,1.0,1.0,1258281092.0,1109940489.5,1,1,0,1,0,normal,RQI_DII_v1.0,frozen_confirmed_by_researcher
2024-02-23,TUSD,Techteryx/TrueUSD,0.974204,0.025796,1.0,1.0,1258281092.0,1109940489.5,1,1,0,1,0,normal,RQI_DII_v1.0,frozen_confirmed_by_researcher
2024-02-24,TUSD,Techteryx/TrueUSD,0.977096,0.022904,1.0,1.0,1258281092.0,1109940489.5,1,1,0,1,0,normal,RQI_DII_v1.0,frozen_confirmed_by_researcher
2024-02-25,TUSD,Techteryx/TrueUSD,0.972929,0.027071,1.0,1.0,1258281092.0,1109940489.5,1,1,0,1,0,normal,RQI_DII_v1.0,frozen_confirmed_by_researcher
2024-02-26,TUSD,Techteryx/TrueUSD,0.975347,0.024653,1.0,1.0,1258281092.0,1109940489.5,1,1,0,1,0,normal,RQI_DII_v1.0,frozen_confirmed_by_researcher
2024-02-27,TUSD,Techteryx/TrueUSD,0.977007,0.022993,1.0,1.0,1258280087.0,1109940489.5,1,1,0,1,0,normal,RQI_DII_v1.0,frozen_confirmed_by_researcher
2024-02-28,TUSD,Techteryx/TrueUSD,0.969236,0.030764,1.0,1.0,1258280087.0,1109940489.5,1,1,0,1,0,normal,RQI_DII_v1.0,frozen_confirmed_by_researcher
2024-02-29,TUSD,Techteryx/TrueUSD,0.964355,0.035645,1.0,1.0,1258280087.0,1109940489.5,1,1,0,1,0,normal,RQI_DII_v1.0,frozen_confirmed_by_researcher
2024-03-06,TUSD,Techteryx/TrueUSD,1.005,0.005,0.0,0.0,1258280087.0,1109940489.5,1,0,0,1,0,normal,RQI_DII_v1.0,frozen_confirmed_by_researcher
2024-03-15,TUSD,Techteryx/TrueUSD,1.008,0.008,1.0,0.0,1258280087.0,1109940489.5,1,0,0,1,0,normal,RQI_DII_v1.0,frozen_confirmed_by_researcher
2024-03-21,TUSD,Techteryx/TrueUSD,1.008,0.008,1.0,0.0,808280087.0,1109940489.5,1,0,0,1,0,normal,RQI_DII_v1.0,frozen_confirmed_by_researcher
2024-03-23,TUSD,Techteryx/TrueUSD,1.006,0.006,1.0,0.0,582280088.0,1109940489.5,1,0,0,1,0,normal,RQI_DII_v1.0,frozen_confirmed_by_researcher
2024-03-24,TUSD,Techteryx/TrueUSD,1.01,0.01,1.0,1.0,582280088.0,1109940489.5,1,1,0,1,0,normal,RQI_DII_v1.0,frozen_confirmed_by_researcher
2024-03-25,TUSD,Techteryx/TrueUSD,1.026,0.026,1.0,1.0,582280088.0,1109940489.5,1,1,0,1,0,normal,RQI_DII_v1.0,frozen_confirmed_by_researcher
2024-03-26,TUSD,Techteryx/TrueUSD,1.023,0.023,1.0,1.0,582280087.0,1109940489.5,1,1,0,1,0,normal,RQI_DII_v1.0,frozen_confirmed_by_researcher
2024-03-27,TUSD,Techteryx/TrueUSD,1.022,0.022,1.0,1.0,582280087.0,1109940489.5,1,1,0,1,0,normal,RQI_DII_v1.0,frozen_confirmed_by_researcher
2024-06-19,TUSD,Techteryx/TrueUSD,0.994051,0.005949,1.0,0.0,465585651.0,1109940489.5,1,0,0,1,0,normal,RQI_DII_v1.0,frozen_confirmed_by_researcher
2024-07-13,TUSD,Techteryx/TrueUSD,1.005,0.005,0.0,0.0,485086209.0,1109940489.5,1,0,0,1,0,normal,RQI_DII_v1.0,frozen_confirmed_by_researcher
2024-08-08,TUSD,Techteryx/TrueUSD,1.007,0.007,1.0,0.0,502085699.0,1109940489.5,1,0,0,1,0,normal,RQI_DII_v1.0,frozen_confirmed_by_researcher
2024-10-07,TUSD,Techteryx/TrueUSD,0.992553,0.007447,1.0,0.0,485485719.0,1109940489.5,1,0,0,1,0,normal,RQI_DII_v1.0,frozen_confirmed_by_researcher
2024-10-25,TUSD,Techteryx/TrueUSD,0.992129,0.007871,1.0,0.0,485485719.0,1109940489.5,1,0,0,1,0,normal,RQI_DII_v1.0,frozen_confirmed_by_researcher
2024-10-30,TUSD,Techteryx/TrueUSD,0.99436,0.00564,1.0,0.0,485485719.0,1109940489.5,1,0,0,1,0,normal,RQI_DII_v1.0,frozen_confirmed_by_researcher
2024-10-31,TUSD,Techteryx/TrueUSD,0.994262,0.005738,1.0,0.0,485485719.0,1109940489.5,1,0,0,1,0,normal,RQI_DII_v1.0,frozen_confirmed_by_researcher
2024-11-11,TUSD,Techteryx/TrueUSD,1.008,0.008,1.0,0.0,485485719.0,1109940489.5,1,0,0,1,0,normal,RQI_DII_v1.0,frozen_confirmed_by_researcher
2024-11-25,TUSD,Techteryx/TrueUSD,1.005,0.005,0.0,0.0,485485719.0,1109940489.5,1,0,0,1,0,normal,RQI_DII_v1.0,frozen_confirmed_by_researcher
2024-12-05,TUSD,Techteryx/TrueUSD,1.006,0.006,1.0,0.0,485485719.0,1109940489.5,1,0,0,1,0,normal,RQI_DII_v1.0,frozen_confirmed_by_researcher
2024-12-06,TUSD,Techteryx/TrueUSD,1.011,0.011,1.0,1.0,485485719.0,1109940489.5,1,1,0,1,0,normal,RQI_DII_v1.0,frozen_confirmed_by_researcher
2024-12-07,TUSD,Techteryx/TrueUSD,1.018,0.018,1.0,1.0,485485719.0,1109940489.5,1,1,0,1,0,normal,RQI_DII_v1.0,frozen_confirmed_by_researcher
2024-12-08,TUSD,Techteryx/TrueUSD,1.026,0.026,1.0,1.0,485485719.0,1109940489.5,1,1,0,1,0,normal,RQI_DII_v1.0,frozen_confirmed_by_researcher
2024-12-09,TUSD,Techteryx/TrueUSD,1.013,0.013,1.0,1.0,485485719.0,1109940489.5,1,1,0,1,0,normal,RQI_DII_v1.0,frozen_confirmed_by_researcher
2024-12-10,TUSD,Techteryx/TrueUSD,1.01,0.01,1.0,1.0,485485719.0,1109940489.5,1,1,0,1,0,normal,RQI_DII_v1.0,frozen_confirmed_by_researcher
2024-12-11,TUSD,Techteryx/TrueUSD,1.02,0.02,1.0,1.0,485485719.0,1109940489.5,1,1,0,1,0,normal,RQI_DII_v1.0,frozen_confirmed_by_researcher
2024-12-13,TUSD,Techteryx/TrueUSD,1.005,0.005,0.0,0.0,485485719.0,1109940489.5,1,0,0,1,0,normal,RQI_DII_v1.0,frozen_confirmed_by_researcher
2024-12-15,TUSD,Techteryx/TrueUSD,1.007,0.007,1.0,0.0,485485718.0,1109940489.5,1,0,0,1,0,normal,RQI_DII_v1.0,frozen_confirmed_by_researcher
2024-12-17,TUSD,Techteryx/TrueUSD,1.0089263902,0.0089263902,1.0,0.0,485485718.0,1109940489.5,1,0,0,1,0,normal,RQI_DII_v1.0,frozen_confirmed_by_researcher
2024-12-30,TUSD,Techteryx/TrueUSD,0.9933047951,0.0066952049,1.0,0.0,485485719.0,1109940489.5,1,0,0,1,0,normal,RQI_DII_v1.0,frozen_confirmed_by_researcher
2023-08-08,PYUSD,Paxos/PayPal,,,,,78.0,270122532.0,0,0,1,1,0,normal,RQI_DII_v1.0,frozen_confirmed_by_researcher
2023-08-09,PYUSD,Paxos/PayPal,,,,,78.0,270122532.0,0,0,1,1,0,normal,RQI_DII_v1.0,frozen_confirmed_by_researcher
2023-08-10,PYUSD,Paxos/PayPal,,,,,98.0,270122532.0,0,0,1,1,0,normal,RQI_DII_v1.0,frozen_confirmed_by_researcher
2023-08-11,PYUSD,Paxos/PayPal,,,,,127.0,270122532.0,0,0,1,1,0,normal,RQI_DII_v1.0,frozen_confirmed_by_researcher
2023-08-12,PYUSD,Paxos/PayPal,,,,,177.0,270122532.0,0,0,1,1,0,normal,RQI_DII_v1.0,frozen_confirmed_by_researcher
2023-08-13,PYUSD,Paxos/PayPal,,,,,187.0,270122532.0,0,0,1,1,0,normal,RQI_DII_v1.0,frozen_confirmed_by_researcher
2023-08-14,PYUSD,Paxos/PayPal,,,,,235.0,270122532.0,0,0,1,1,0,normal,RQI_DII_v1.0,frozen_confirmed_by_researcher
2023-08-15,PYUSD,Paxos/PayPal,,,,,307.0,270122532.0,0,0,1,1,0,normal,RQI_DII_v1.0,frozen_confirmed_by_researcher
2023-08-16,PYUSD,Paxos/PayPal,,,,,373.0,270122532.0,0,0,1,1,0,normal,RQI_DII_v1.0,frozen_confirmed_by_researcher
2023-08-17,PYUSD,Paxos/PayPal,0.989201,0.010799,1.0,1.0,383.0,270122532.0,1,1,1,1,0,normal,RQI_DII_v1.0,frozen_confirmed_by_researcher
2023-08-18,PYUSD,Paxos/PayPal,,,,,510.0,270122532.0,0,0,1,1,0,normal,RQI_DII_v1.0,frozen_confirmed_by_researcher
2023-08-19,PYUSD,Paxos/PayPal,,,,,2000809.0,270122532.0,0,0,1,1,0,normal,RQI_DII_v1.0,frozen_confirmed_by_researcher
2023-08-20,PYUSD,Paxos/PayPal,,,,,2000867.0,270122532.0,0,0,1,1,0,normal,RQI_DII_v1.0,frozen_confirmed_by_researcher
2023-08-21,PYUSD,Paxos/PayPal,,,,,2000946.0,270122532.0,0,0,1,1,0,normal,RQI_DII_v1.0,frozen_confirmed_by_researcher
2023-08-22,PYUSD,Paxos/PayPal,,,,,2001443.0,270122532.0,0,0,1,1,0,normal,RQI_DII_v1.0,frozen_confirmed_by_researcher
2023-08-23,PYUSD,Paxos/PayPal,1.002,0.002,0.0,0.0,2002805.0,270122532.0,0,0,1,1,0,normal,RQI_DII_v1.0,frozen_confirmed_by_researcher
2023-08-24,PYUSD,Paxos/PayPal,1.001,0.001,0.0,0.0,2003121.0,270122532.0,0,0,1,1,0,normal,RQI_DII_v1.0,frozen_confirmed_by_researcher
2023-08-25,PYUSD,Paxos/PayPal,1.0,0.0,0.0,0.0,3502226.0,270122532.0,0,0,1,1,0,normal,RQI_DII_v1.0,frozen_confirmed_by_researcher
2023-08-26,PYUSD,Paxos/PayPal,0.999036,0.000964,0.0,0.0,3503757.0,270122532.0,0,0,1,1,0,normal,RQI_DII_v1.0,frozen_confirmed_by_researcher
2023-08-27,PYUSD,Paxos/PayPal,1.006,0.006,1.0,0.0,4500830.0,270122532.0,1,0,1,1,0,normal,RQI_DII_v1.0,frozen_confirmed_by_researcher
2023-08-28,PYUSD,Paxos/PayPal,1.015,0.015,1.0,1.0,4501182.0,270122532.0,1,1,1,1,0,normal,RQI_DII_v1.0,frozen_confirmed_by_researcher
2023-08-29,PYUSD,Paxos/PayPal,1.002,0.002,0.0,0.0,4500162.0,270122532.0,0,0,1,1,0,normal,RQI_DII_v1.0,frozen_confirmed_by_researcher
2023-08-30,PYUSD,Paxos/PayPal,0.999763,0.000237,0.0,0.0,4500021.0,270122532.0,0,0,1,1,0,normal,RQI_DII_v1.0,frozen_confirmed_by_researcher
2023-08-31,PYUSD,Paxos/PayPal,0.999844,0.000156,0.0,0.0,4499342.0,270122532.0,0,0,1,1,0,normal,RQI_DII_v1.0,frozen_confirmed_by_researcher
2023-09-01,PYUSD,Paxos/PayPal,1.001,0.001,0.0,0.0,5496706.0,270122532.0,0,0,1,1,0,normal,RQI_DII_v1.0,frozen_confirmed_by_researcher
2023-09-02,PYUSD,Paxos/PayPal,0.999674,0.000326,0.0,0.0,5491848.0,270122532.0,0,0,1,1,0,normal,RQI_DII_v1.0,frozen_confirmed_by_researcher
2023-09-03,PYUSD,Paxos/PayPal,0.996284,0.003716,0.0,0.0,5486177.0,270122532.0,0,0,1,1,0,normal,RQI_DII_v1.0,frozen_confirmed_by_researcher
2023-09-04,PYUSD,Paxos/PayPal,0.996733,0.003267,0.0,0.0,5484377.0,270122532.0,0,0,1,1,0,normal,RQI_DII_v1.0,frozen_confirmed_by_researcher
2023-09-05,PYUSD,Paxos/PayPal,0.997946,0.002054,0.0,0.0,5481390.0,270122532.0,0,0,1,1,0,normal,RQI_DII_v1.0,frozen_confirmed_by_researcher
2023-09-06,PYUSD,Paxos/PayPal,0.997204,0.002796,0.0,0.0,5467830.0,270122532.0,0,0,1,1,0,normal,RQI_DII_v1.0,frozen_confirmed_by_researcher
2023-09-07,PYUSD,Paxos/PayPal,1.003,0.003,0.0,0.0,5478200.0,270122532.0,0,0,1,1,0,normal,RQI_DII_v1.0,frozen_confirmed_by_researcher
2023-09-08,PYUSD,Paxos/PayPal,1.001,0.001,0.0,0.0,5505903.0,270122532.0,0,0,1,1,0,normal,RQI_DII_v1.0,frozen_confirmed_by_researcher
2023-09-09,PYUSD,Paxos/PayPal,0.997147,0.002853,0.0,0.0,6521781.0,270122532.0,0,0,1,1,0,normal,RQI_DII_v1.0,frozen_confirmed_by_researcher
2023-09-10,PYUSD,Paxos/PayPal,0.99771,0.00229,0.0,0.0,6497558.0,270122532.0,0,0,1,1,0,normal,RQI_DII_v1.0,frozen_confirmed_by_researcher
2023-09-11,PYUSD,Paxos/PayPal,1.001,0.001,0.0,0.0,6497847.0,270122532.0,0,0,1,1,0,normal,RQI_DII_v1.0,frozen_confirmed_by_researcher
2023-09-12,PYUSD,Paxos/PayPal,0.999497,0.000503,0.0,0.0,6493311.0,270122532.0,0,0,1,1,0,normal,RQI_DII_v1.0,frozen_confirmed_by_researcher
2023-09-13,PYUSD,Paxos/PayPal,1.001,0.001,0.0,0.0,6479452.0,270122532.0,0,0,1,1,0,normal,RQI_DII_v1.0,frozen_confirmed_by_researcher
2023-09-14,PYUSD,Paxos/PayPal,0.998327,0.001673,0.0,0.0,7480344.0,270122532.0,0,0,1,1,0,normal,RQI_DII_v1.0,frozen_confirmed_by_researcher
2023-09-15,PYUSD,Paxos/PayPal,0.999447,0.000553,0.0,0.0,7562877.0,270122532.0,0,0,1,1,0,normal,RQI_DII_v1.0,frozen_confirmed_by_researcher
2023-09-16,PYUSD,Paxos/PayPal,0.999681,0.000319,0.0,0.0,8347927.0,270122532.0,0,0,1,1,0,normal,RQI_DII_v1.0,frozen_confirmed_by_researcher
2023-09-17,PYUSD,Paxos/PayPal,1.0,0.0,0.0,0.0,8360003.0,270122532.0,0,0,1,1,0,normal,RQI_DII_v1.0,frozen_confirmed_by_researcher
2023-09-18,PYUSD,Paxos/PayPal,1.001,0.001,0.0,0.0,8359931.0,270122532.0,0,0,1,1,0,normal,RQI_DII_v1.0,frozen_confirmed_by_researcher
2023-09-19,PYUSD,Paxos/PayPal,0.999782,0.000218,0.0,0.0,8459141.0,270122532.0,0,0,1,1,0,normal,RQI_DII_v1.0,frozen_confirmed_by_researcher
2023-09-20,PYUSD,Paxos/PayPal,1.0,0.0,0.0,0.0,9007344.0,270122532.0,0,0,1,1,0,normal,RQI_DII_v1.0,frozen_confirmed_by_researcher
2023-09-21,PYUSD,Paxos/PayPal,0.998733,0.001267,0.0,0.0,9002421.0,270122532.0,0,0,1,1,0,normal,RQI_DII_v1.0,frozen_confirmed_by_researcher
2023-09-22,PYUSD,Paxos/PayPal,0.998577,0.001423,0.0,0.0,9456482.0,270122532.0,0,0,1,1,0,normal,RQI_DII_v1.0,frozen_confirmed_by_researcher
2023-09-23,PYUSD,Paxos/PayPal,1.0,0.0,0.0,0.0,9455908.0,270122532.0,0,0,1,1,0,normal,RQI_DII_v1.0,frozen_confirmed_by_researcher
2023-09-24,PYUSD,Paxos/PayPal,1.0,0.0,0.0,0.0,9447639.0,270122532.0,0,0,1,1,0,normal,RQI_DII_v1.0,frozen_confirmed_by_researcher
2023-09-25,PYUSD,Paxos/PayPal,1.001,0.001,0.0,0.0,9545841.0,270122532.0,0,0,1,1,0,normal,RQI_DII_v1.0,frozen_confirmed_by_researcher
2023-09-26,PYUSD,Paxos/PayPal,1.0,0.0,0.0,0.0,9626215.0,270122532.0,0,0,1,1,0,normal,RQI_DII_v1.0,frozen_confirmed_by_researcher
2023-09-27,PYUSD,Paxos/PayPal,0.999127,0.000873,0.0,0.0,10520771.0,270122532.0,0,0,1,1,0,normal,RQI_DII_v1.0,frozen_confirmed_by_researcher
2023-09-28,PYUSD,Paxos/PayPal,1.002,0.002,0.0,0.0,10496046.0,270122532.0,0,0,1,1,0,normal,RQI_DII_v1.0,frozen_confirmed_by_researcher
2023-09-29,PYUSD,Paxos/PayPal,1.001,0.001,0.0,0.0,10931300.0,270122532.0,0,0,1,1,0,normal,RQI_DII_v1.0,frozen_confirmed_by_researcher
