event_id,stablecoin,report_date,publication_date,manual_review_required,asset_extraction_confidence,rule_version,rule_status,rqi_primary_path_b,rqi_bank_cash_070,rqi_bank_cash_090,rqi_repo_090,delta_bank_cash_070_minus_primary_path_b,delta_bank_cash_090_minus_primary_path_b,delta_repo_090_minus_primary_path_b
USDC_ASSURANCE_2022_04,USDC,2022-04-30,2022-05-23,1,low,RQI_DII_v1.0,frozen_confirmed_by_researcher,,,,,,,
USDC_ASSURANCE_2022_08,USDC,2022-08-31,2022-09-23,0,medium,RQI_DII_v1.0,frozen_confirmed_by_researcher,0.9244554598540023,0.9074257664233374,0.9414851532846675,0.9244554598540023,-0.01702969343066496,0.017029693430665183,0.0
USDC_ASSURANCE_2022_12,USDC,2022-12-31,2023-01-25,0,medium,RQI_DII_v1.0,frozen_confirmed_by_researcher,0.9136284688459255,0.8900766628986616,0.9371802747931891,0.9136284688459255,-0.023551805947263915,0.023551805947263582,0.0
USDC_ASSURANCE_2022_02,USDC,2022-02-28,2022-03-31,1,low,RQI_DII_v1.0,frozen_confirmed_by_researcher,,,,,,,
USDC_ASSURANCE_2022_01,USDC,2022-01-31,2022-02-25,1,low,RQI_DII_v1.0,frozen_confirmed_by_researcher,,,,,,,
USDC_ASSURANCE_2022_07,USDC,2022-07-31,2022-08-24,0,medium,RQI_DII_v1.0,frozen_confirmed_by_researcher,0.9163710314298124,0.8939517190496874,0.9387903438099374,0.9163710314298124,-0.022419312380124956,0.022419312380125067,0.0
USDC_ASSURANCE_2022_06,USDC,2022-06-30,2022-07-28,1,low,RQI_DII_v1.0,frozen_confirmed_by_researcher,,,,,,,
USDC_ASSURANCE_2022_03,USDC,2022-03-31,2022-04-29,1,low,RQI_DII_v1.0,frozen_confirmed_by_researcher,,,,,,,
USDC_ASSURANCE_2022_05,USDC,,,1,low,RQI_DII_v1.0,frozen_confirmed_by_researcher,,,,,,,
USDC_ASSURANCE_2022_11,USDC,2022-11-30,2022-12-22,0,medium,RQI_DII_v1.0,frozen_confirmed_by_researcher,0.9103331155119228,0.8846234422353082,0.9360427887885372,0.9103331155119228,-0.025709673276614553,0.025709673276614442,0.0
USDC_ASSURANCE_2022_10,USDC,2022-10-31,2022-11-22,0,medium,RQI_DII_v1.0,frozen_confirmed_by_researcher,0.9224548620416445,0.9040914367360741,0.9408182873472147,0.9224548620416445,-0.018363425305570447,0.018363425305570225,0.0
USDC_ASSURANCE_2022_09,USDC,2022-09-30,2022-10-25,0,medium,RQI_DII_v1.0,frozen_confirmed_by_researcher,0.9208942175828728,0.9014903626381212,0.9402980725276242,0.9208942175828728,-0.01940385494475161,0.019403854944751386,0.0
USDC_ASSURANCE_2023_04,USDC,2023-04-28,2023-05-30,1,low,RQI_DII_v1.0,frozen_confirmed_by_researcher,,,,,,,
USDC_ASSURANCE_2023_08,USDC,2023-08-31,2023-09-29,1,medium,RQI_DII_v1.0,frozen_confirmed_by_researcher,0.9452975500933615,0.9379237671841497,0.952671333002573,0.9175663224214805,-0.007373782909211757,0.007373782909211535,-0.027731227671880965
USDC_ASSURANCE_2023_12,USDC,2023-12-29,,1,medium,RQI_DII_v1.0,frozen_confirmed_by_researcher,0.9422118135757772,0.9320882133791343,0.9523354137724201,0.9124324665164069,-0.010123600196642935,0.010123600196642935,-0.029779347059370354
USDC_ASSURANCE_2023_02,USDC,2023-02-28,2023-03-30,1,medium,RQI_DII_v1.0,frozen_confirmed_by_researcher,0.9147319113383717,0.8889914583166221,0.9404723643601212,0.9147319113383717,-0.025740453021749654,0.025740453021749432,0.0
USDC_ASSURANCE_2023_01,USDC,2023-01-31,2023-03-02,1,medium,RQI_DII_v1.0,frozen_confirmed_by_researcher,0.9221948039853893,0.9015138942019517,0.942875713768827,0.9221948039853893,-0.020680909783437618,0.020680909783437618,0.0
USDC_ASSURANCE_2023_07,USDC,2023-07-31,2023-08-30,1,medium,RQI_DII_v1.0,frozen_confirmed_by_researcher,0.9439371488670398,0.9356383711683637,0.952235926565716,0.9109918780761201,-0.008298777698676152,0.008298777698676152,-0.03294527079091969
USDC_ASSURANCE_2023_06,USDC,2023-06-30,2023-07-28,1,medium,RQI_DII_v1.0,frozen_confirmed_by_researcher,0.9415997173967046,0.9318577793537833,0.9513416554396256,0.907969417611077,-0.009741938042921228,0.009741938042921006,-0.03363029978562759
USDC_ASSURANCE_2023_03,USDC,2023-03-31,2023-04-28,1,medium,RQI_DII_v1.0,frozen_confirmed_by_researcher,0.9349378448269909,0.9220144024829886,0.947861287170993,0.9349378448269909,-0.012923442344002334,0.012923442344002112,0.0
USDC_ASSURANCE_2023_05,USDC,2023-05-31,2023-06-30,1,low,RQI_DII_v1.0,frozen_confirmed_by_researcher,0.9359357622748341,0.9215571464083233,0.9503143781413449,0.8963819212148204,-0.014378615866510791,0.014378615866510791,-0.039553841060013695
USDC_ASSURANCE_2023_11,USDC,2023-11-30,2023-12-22,1,medium,RQI_DII_v1.0,frozen_confirmed_by_researcher,0.944580405674344,0.9368262505566768,0.9523345607920114,0.9148934442618344,-0.007754155117667194,0.007754155117667416,-0.029686961412509594
USDC_ASSURANCE_2023_10,USDC,2023-10-31,,1,medium,RQI_DII_v1.0,frozen_confirmed_by_researcher,0.9492014967328466,0.9441341543633339,0.9542688391023594,0.9198773782235663,-0.005067342369512673,0.005067342369512784,-0.029324118509280295
USDC_ASSURANCE_2023_09,USDC,2023-09-29,2023-10-30,1,medium,RQI_DII_v1.0,frozen_confirmed_by_researcher,0.9488373652436999,0.9438528091333152,0.9538219213540847,0.9210811521806702,-0.00498455611038473,0.004984556110384841,-0.027756213063029667
USDC_ASSURANCE_2024_04,USDC,2024-04-30,,1,medium,RQI_DII_v1.0,frozen_confirmed_by_researcher,0.9419844683982294,0.9325339526261305,0.9514349841703282,0.9136707670959265,-0.009450515772098877,0.009450515772098877,-0.02831370130230282
USDC_ASSURANCE_2024_08,USDC,2024-08-30,,1,medium,RQI_DII_v1.0,frozen_confirmed_by_researcher,0.9388798976643435,0.9274684063627496,0.9502913889659375,0.9082536702953473,-0.011411491301593912,0.011411491301593912,-0.03062622736899623
USDC_ASSURANCE_2024_12,USDC,2024-12-31,,1,medium,RQI_DII_v1.0,frozen_confirmed_by_researcher,0.9336524709608786,0.918900334132808,0.9484046077889492,0.9087637615399656,-0.014752136828070528,0.014752136828070639,-0.024888709420912924
USDC_ASSURANCE_2024_02,USDC,2024-02-29,,1,medium,RQI_DII_v1.0,frozen_confirmed_by_researcher,0.9381085800267118,0.9266174076649294,0.9495997523884943,0.9128231988287294,-0.011491172361782431,0.011491172361782431,-0.025285381197982404
USDC_ASSURANCE_2024_01,USDC,2024-01-31,2024-02-29,1,medium,RQI_DII_v1.0,frozen_confirmed_by_researcher,0.9410175746388006,0.9288437784506015,0.9531913708269996,0.9123842740453142,-0.012173796188199137,0.012173796188198915,-0.028633300593486455
USDC_ASSURANCE_2024_07,USDC,2024-07-31,2024-08-27,1,medium,RQI_DII_v1.0,frozen_confirmed_by_researcher,0.9404273279977214,0.9292134234968695,0.9516412324985732,0.9106043427667389,-0.011213904500851912,0.011213904500851801,-0.02982298523098259
USDC_ASSURANCE_2024_06,USDC,2024-06-28,,1,medium,RQI_DII_v1.0,frozen_confirmed_by_researcher,0.9388269214081059,0.927666861178176,0.9499869816380356,0.9123600598549692,-0.01116006022992988,0.011160060229929769,-0.02646686155313671
USDC_ASSURANCE_2024_03,USDC,2024-03-29,,1,medium,RQI_DII_v1.0,frozen_confirmed_by_researcher,0.9364669618507547,0.9234264549507911,0.9495074687507182,0.9119078726585506,-0.013040506899963611,0.0130405068999635,-0.024559089192204175
USDC_ASSURANCE_2024_05,USDC,2024-05-31,,1,medium,RQI_DII_v1.0,frozen_confirmed_by_researcher,0.9401274521024575,0.9297465560276139,0.9505083481773009,0.9146347622683859,-0.010380896074843604,0.010380896074843382,-0.025492689834071602
USDC_ASSURANCE_2024_11,USDC,2024-11-29,2024-12-20,1,medium,RQI_DII_v1.0,frozen_confirmed_by_researcher,0.931258957405439,0.9149148941482734,0.9476030206626045,0.9090488121585081,-0.01634406325716553,0.01634406325716553,-0.02221014524693088
USDC_ASSURANCE_2024_10,USDC,2024-10-31,,1,medium,RQI_DII_v1.0,frozen_confirmed_by_researcher,0.936771569416924,0.9243451998070752,0.9491979390267729,0.9095488810083099,-0.012426369609848775,0.012426369609848886,-0.027222688408614082
USDC_ASSURANCE_2024_09,USDC,2024-09-30,,1,medium,RQI_DII_v1.0,frozen_confirmed_by_researcher,0.9379331301348949,0.926541340612881,0.9493249196569089,0.9061939082596483,-0.011391789522013918,0.011391789522014029,-0.03173922187524658
