model_run_id,model_family,sample_id,rqi_profile,outcome,n,k,rule_version,rule_status,provisional_flag,provisional_reason,term,coef,hac_se_lag7,t_stat,p_value,r2,adj_r2,status,stress_variant
stress_calendar__current_provisional_windows,stress_calendar_sensitivity,all_rows_with_variant,primary_path_b,abs_peg_dev_bps,826,10,RQI_DII_v1.0,frozen_confirmed_by_researcher,1,robustness_pilot_pending_multi_issuer_source_expansion,Intercept,386.27947200811934,148.52982097571893,2.6006863097967834,0.009472121880478301,0.1940863480264604,0.18519759451204632,estimated,current_provisional_windows
stress_calendar__current_provisional_windows,stress_calendar_sensitivity,all_rows_with_variant,primary_path_b,abs_peg_dev_bps,826,10,RQI_DII_v1.0,frozen_confirmed_by_researcher,1,robustness_pilot_pending_multi_issuer_source_expansion,rqi_primary_path_b_10pp,-13.268032222882082,8.230688802294347,-1.6120196670761686,0.10734433734297211,0.1940863480264604,0.18519759451204632,estimated,current_provisional_windows
stress_calendar__current_provisional_windows,stress_calendar_sensitivity,all_rows_with_variant,primary_path_b,abs_peg_dev_bps,826,10,RQI_DII_v1.0,frozen_confirmed_by_researcher,1,robustness_pilot_pending_multi_issuer_source_expansion,dii_10pp,2.3809683422152643,0.8784963411962726,2.7102769022043214,0.006863837899643066,0.1940863480264604,0.18519759451204632,estimated,current_provisional_windows
stress_calendar__current_provisional_windows,stress_calendar_sensitivity,all_rows_with_variant,primary_path_b,abs_peg_dev_bps,826,10,RQI_DII_v1.0,frozen_confirmed_by_researcher,1,robustness_pilot_pending_multi_issuer_source_expansion,market_stress_flag_variant,-587.10042962641,201.74068230000051,-2.910173708807807,0.0037105324364101744,0.1940863480264604,0.18519759451204632,estimated,current_provisional_windows
stress_calendar__current_provisional_windows,stress_calendar_sensitivity,all_rows_with_variant,primary_path_b,abs_peg_dev_bps,826,10,RQI_DII_v1.0,frozen_confirmed_by_researcher,1,robustness_pilot_pending_multi_issuer_source_expansion,stress_x_primary_path_b_10pp_variant,4562.332334890883,1567.6726749451202,2.9102582495740688,0.00370953929277662,0.1940863480264604,0.18519759451204632,estimated,current_provisional_windows
stress_calendar__current_provisional_windows,stress_calendar_sensitivity,all_rows_with_variant,primary_path_b,abs_peg_dev_bps,826,10,RQI_DII_v1.0,frozen_confirmed_by_researcher,1,robustness_pilot_pending_multi_issuer_source_expansion,stress_x_dii_10pp_variant,-4931.643601917412,1694.6217294530677,-2.9101737079159724,0.0037105324468884593,0.1940863480264604,0.18519759451204632,estimated,current_provisional_windows
stress_calendar__current_provisional_windows,stress_calendar_sensitivity,all_rows_with_variant,primary_path_b,abs_peg_dev_bps,826,10,RQI_DII_v1.0,frozen_confirmed_by_researcher,1,robustness_pilot_pending_multi_issuer_source_expansion,days_since_disclosure_30d,-0.49442898987572637,0.4252864759521692,-1.1625786800973503,0.24534037393898966,0.1940863480264604,0.18519759451204632,estimated,current_provisional_windows
stress_calendar__current_provisional_windows,stress_calendar_sensitivity,all_rows_with_variant,primary_path_b,abs_peg_dev_bps,826,10,RQI_DII_v1.0,frozen_confirmed_by_researcher,1,robustness_pilot_pending_multi_issuer_source_expansion,stale_disclosure_45d,0.12662013814168555,1.43760972668501,0.0880768513118365,0.9298372049140387,0.1940863480264604,0.18519759451204632,estimated,current_provisional_windows
stress_calendar__current_provisional_windows,stress_calendar_sensitivity,all_rows_with_variant,primary_path_b,abs_peg_dev_bps,826,10,RQI_DII_v1.0,frozen_confirmed_by_researcher,1,robustness_pilot_pending_multi_issuer_source_expansion,log_supply,-11.64426965827819,3.317975886328165,-3.5094497540680774,0.000473627047408387,0.1940863480264604,0.18519759451204632,estimated,current_provisional_windows
stress_calendar__current_provisional_windows,stress_calendar_sensitivity,all_rows_with_variant,primary_path_b,abs_peg_dev_bps,826,10,RQI_DII_v1.0,frozen_confirmed_by_researcher,1,robustness_pilot_pending_multi_issuer_source_expansion,trend_years,3.1784834000140396,0.7957847247273424,3.9941498011325547,7.078957122796936e-05,0.1940863480264604,0.18519759451204632,estimated,current_provisional_windows
stress_calendar__svb_only_banking_stress,stress_calendar_sensitivity,all_rows_with_variant,primary_path_b,abs_peg_dev_bps,826,10,RQI_DII_v1.0,frozen_confirmed_by_researcher,1,robustness_pilot_pending_multi_issuer_source_expansion,Intercept,379.08269489276614,149.88915111459485,2.5290869424094997,0.011623303592902312,0.1939711217039055,0.1850810973109338,estimated,svb_only_banking_stress
stress_calendar__svb_only_banking_stress,stress_calendar_sensitivity,all_rows_with_variant,primary_path_b,abs_peg_dev_bps,826,10,RQI_DII_v1.0,frozen_confirmed_by_researcher,1,robustness_pilot_pending_multi_issuer_source_expansion,rqi_primary_path_b_10pp,-12.95413802797702,8.299725107979667,-1.5607912140996605,0.11896074680237767,0.1939711217039055,0.1850810973109338,estimated,svb_only_banking_stress
stress_calendar__svb_only_banking_stress,stress_calendar_sensitivity,all_rows_with_variant,primary_path_b,abs_peg_dev_bps,826,10,RQI_DII_v1.0,frozen_confirmed_by_researcher,1,robustness_pilot_pending_multi_issuer_source_expansion,dii_10pp,2.390487827335595,0.8772046024810745,2.7251200239651836,0.0065654432274255825,0.1939711217039055,0.1850810973109338,estimated,svb_only_banking_stress
stress_calendar__svb_only_banking_stress,stress_calendar_sensitivity,all_rows_with_variant,primary_path_b,abs_peg_dev_bps,826,10,RQI_DII_v1.0,frozen_confirmed_by_researcher,1,robustness_pilot_pending_multi_issuer_source_expansion,market_stress_flag_variant,0.38712771499940896,0.1305893687497631,2.9644657808341788,0.003120356492379628,0.1939711217039055,0.1850810973109338,estimated,svb_only_banking_stress
stress_calendar__svb_only_banking_stress,stress_calendar_sensitivity,all_rows_with_variant,primary_path_b,abs_peg_dev_bps,826,10,RQI_DII_v1.0,frozen_confirmed_by_researcher,1,robustness_pilot_pending_multi_issuer_source_expansion,stress_x_primary_path_b_10pp_variant,3.5700716749171733,1.2042883729038776,2.9644657834806853,0.0031203564658301985,0.1939711217039055,0.1850810973109338,estimated,svb_only_banking_stress
stress_calendar__svb_only_banking_stress,stress_calendar_sensitivity,all_rows_with_variant,primary_path_b,abs_peg_dev_bps,826,10,RQI_DII_v1.0,frozen_confirmed_by_researcher,1,robustness_pilot_pending_multi_issuer_source_expansion,stress_x_dii_10pp_variant,3.2518728006167494,1.0969506976214736,2.9644657755975814,0.003120356544912495,0.1939711217039055,0.1850810973109338,estimated,svb_only_banking_stress
stress_calendar__svb_only_banking_stress,stress_calendar_sensitivity,all_rows_with_variant,primary_path_b,abs_peg_dev_bps,826,10,RQI_DII_v1.0,frozen_confirmed_by_researcher,1,robustness_pilot_pending_multi_issuer_source_expansion,days_since_disclosure_30d,-0.48665327822930377,0.424283763112887,-1.1469995331869969,0.25171801189042564,0.1939711217039055,0.1850810973109338,estimated,svb_only_banking_stress
stress_calendar__svb_only_banking_stress,stress_calendar_sensitivity,all_rows_with_variant,primary_path_b,abs_peg_dev_bps,826,10,RQI_DII_v1.0,frozen_confirmed_by_researcher,1,robustness_pilot_pending_multi_issuer_source_expansion,stale_disclosure_45d,0.11163162423113175,1.4366779342206166,0.07770121721239548,0.9380847740410101,0.1939711217039055,0.1850810973109338,estimated,svb_only_banking_stress
stress_calendar__svb_only_banking_stress,stress_calendar_sensitivity,all_rows_with_variant,primary_path_b,abs_peg_dev_bps,826,10,RQI_DII_v1.0,frozen_confirmed_by_researcher,1,robustness_pilot_pending_multi_issuer_source_expansion,log_supply,-11.465147926900263,3.347141304482929,-3.4253552162690712,0.0006446615511206399,0.1939711217039055,0.1850810973109338,estimated,svb_only_banking_stress
stress_calendar__svb_only_banking_stress,stress_calendar_sensitivity,all_rows_with_variant,primary_path_b,abs_peg_dev_bps,826,10,RQI_DII_v1.0,frozen_confirmed_by_researcher,1,robustness_pilot_pending_multi_issuer_source_expansion,trend_years,3.1046653957853874,0.79321968218538,3.9140044876745876,9.834985795653672e-05,0.1939711217039055,0.1850810973109338,estimated,svb_only_banking_stress
stress_calendar__short_anchor_windows,stress_calendar_sensitivity,all_rows_with_variant,primary_path_b,abs_peg_dev_bps,826,10,RQI_DII_v1.0,frozen_confirmed_by_researcher,1,robustness_pilot_pending_multi_issuer_source_expansion,Intercept,555.7996436655075,186.84801470408198,2.974608237319233,0.003020110749784255,0.1586541309502466,0.1493745809239625,estimated,short_anchor_windows
stress_calendar__short_anchor_windows,stress_calendar_sensitivity,all_rows_with_variant,primary_path_b,abs_peg_dev_bps,826,10,RQI_DII_v1.0,frozen_confirmed_by_researcher,1,robustness_pilot_pending_multi_issuer_source_expansion,rqi_primary_path_b_10pp,-22.119611880098546,10.597725424363123,-2.087203715360255,0.03717947822439971,0.1586541309502466,0.1493745809239625,estimated,short_anchor_windows
stress_calendar__short_anchor_windows,stress_calendar_sensitivity,all_rows_with_variant,primary_path_b,abs_peg_dev_bps,826,10,RQI_DII_v1.0,frozen_confirmed_by_researcher,1,robustness_pilot_pending_multi_issuer_source_expansion,dii_10pp,2.893571762705482,0.9610074238532457,3.0109775334548883,0.002684366278183914,0.1586541309502466,0.1493745809239625,estimated,short_anchor_windows
stress_calendar__short_anchor_windows,stress_calendar_sensitivity,all_rows_with_variant,primary_path_b,abs_peg_dev_bps,826,10,RQI_DII_v1.0,frozen_confirmed_by_researcher,1,robustness_pilot_pending_multi_issuer_source_expansion,market_stress_flag_variant,-688.8117959517342,357.30037961576954,-1.9278227375309884,0.054223928270020094,0.1586541309502466,0.1493745809239625,estimated,short_anchor_windows
stress_calendar__short_anchor_windows,stress_calendar_sensitivity,all_rows_with_variant,primary_path_b,abs_peg_dev_bps,826,10,RQI_DII_v1.0,frozen_confirmed_by_researcher,1,robustness_pilot_pending_multi_issuer_source_expansion,stress_x_primary_path_b_10pp_variant,5352.363565993742,2776.4637905219906,1.9277627838205906,0.054231400767075666,0.1586541309502466,0.1493745809239625,estimated,short_anchor_windows
stress_calendar__short_anchor_windows,stress_calendar_sensitivity,all_rows_with_variant,primary_path_b,abs_peg_dev_bps,826,10,RQI_DII_v1.0,frozen_confirmed_by_researcher,1,robustness_pilot_pending_multi_issuer_source_expansion,stress_x_dii_10pp_variant,-5786.019137392739,3001.32320143361,-1.9278227465235978,0.05422392714926594,0.1586541309502466,0.1493745809239625,estimated,short_anchor_windows
stress_calendar__short_anchor_windows,stress_calendar_sensitivity,all_rows_with_variant,primary_path_b,abs_peg_dev_bps,826,10,RQI_DII_v1.0,frozen_confirmed_by_researcher,1,robustness_pilot_pending_multi_issuer_source_expansion,days_since_disclosure_30d,-0.3086420696826395,0.42612737925130934,-0.7242953274321698,0.46909205234661644,0.1586541309502466,0.1493745809239625,estimated,short_anchor_windows
stress_calendar__short_anchor_windows,stress_calendar_sensitivity,all_rows_with_variant,primary_path_b,abs_peg_dev_bps,826,10,RQI_DII_v1.0,frozen_confirmed_by_researcher,1,robustness_pilot_pending_multi_issuer_source_expansion,stale_disclosure_45d,-0.053971209619058394,1.418518762996355,-0.03804758246909215,0.9696590501715034,0.1586541309502466,0.1493745809239625,estimated,short_anchor_windows
stress_calendar__short_anchor_windows,stress_calendar_sensitivity,all_rows_with_variant,primary_path_b,abs_peg_dev_bps,826,10,RQI_DII_v1.0,frozen_confirmed_by_researcher,1,robustness_pilot_pending_multi_issuer_source_expansion,log_supply,-15.411315779675716,4.008155413401873,-3.8449895750413403,0.00012994006402156089,0.1586541309502466,0.1493745809239625,estimated,short_anchor_windows
stress_calendar__short_anchor_windows,stress_calendar_sensitivity,all_rows_with_variant,primary_path_b,abs_peg_dev_bps,826,10,RQI_DII_v1.0,frozen_confirmed_by_researcher,1,robustness_pilot_pending_multi_issuer_source_expansion,trend_years,3.3276400850722396,0.8155416168152541,4.080282374879779,4.939835333828135e-05,0.1586541309502466,0.1493745809239625,estimated,short_anchor_windows
